Workbook

Sheet Water
C1: % Basic Access
A2: Country Name | B2: ISO | C2: 2013 | D2: 2014 | E2: 2015 | F2: 2016 | G2: 2017 | H2: 2018 | I2: 2019 | J2: 2020 | K2: 2021 | L2: 2022
A3: Afghanistan | B3: AFG | C3: 56.858142 | D3: 59.598158 | E3: 62.36966 | F3: 65.172162 | G3: 68.008872 | H3: 70.879941 | I3: 73.784643 | J3: 76.722255 | K3: 79.693078 | L3: 82.175371
A4: Albania | B4: ALB | C4: 92.631596 | D4: 93.020058 | E4: 93.394324 | F4: 93.754878 | G4: 94.102096 | H4: 94.436393 | I4: 94.758225 | J4: 95.068039 | K4: 95.081513 | L4: 95.094564
A5: Algeria | B5: DZA | C5: 92.970881 | D5: 93.192347 | E5: 93.409558 | F5: 93.622776 | G5: 93.831975 | H5: 94.037415 | I5: 94.23914 | J5: 94.43733 | K5: 94.632102 | L5: 94.661398 | M5: =COUNT(L5) -> 1
A6: American Samoa | B6: ASM | C6: 98.230055 | D6: 98.483729 | E6: 98.737403 | F6: 98.991078 | G6: 99 | H6: 99 | I6: 99 | J6: 99 | K6: 99 | M6: =COUNT(L6) -> 0
A7: Andorra | B7: AND | C7: 99 | D7: 99 | E7: 99 | F7: 99 | G7: 99 | H7: 99 | I7: 99 | J7: 99 | K7: 99 | L7: 99
A8: Angola | B8: AGO | C8: 52.757346 | D8: 53.541508 | E8: 54.316931 | F8: 55.084273 | G8: 55.84291 | H8: 56.591749 | I8: 56.883037 | J8: 57.167738 | K8: 57.446726 | L8: 57.719561
A9: Anguilla | B9: AIA | C9: 97.482274 | D9: 97.482274 | E9: 97.482274 | F9: 97.482274 | G9: 97.482274
A10: Antigua and Barbuda | B10: ATG | C10: 98.365594 | D10: 98.365475 | E10: 98.365362 | F10: 98.365262 | G10: 98.365175 | H10: 98.365101 | I10: 98.365039 | J10: 98.364994 | K10: 98.364957 | L10: 98.364936
A11: Argentina | B11: ARG | C11: 98.864199 | D11: 98.923248 | E11: 98.982308 | F11: 99
A12: Armenia | B12: ARM | C12: 99 | D12: 99 | E12: 99 | F12: 99 | G12: 99 | H12: 99 | I12: 99 | J12: 99 | K12: 99 | L12: 99
A13: Aruba | B13: ABW | C13: 97.869023 | D13: 97.869023 | E13: 97.869023 | F13: 97.869023
A14: Australia | B14: AUS | C14: 99 | D14: 99 | E14: 99 | F14: 99 | G14: 99 | H14: 99 | I14: 99 | J14: 99 | K14: 99 | L14: 99
A15: Austria | B15: AUT | C15: 99 | D15: 99 | E15: 99 | F15: 99 | G15: 99 | H15: 99 | I15: 99 | J15: 99 | K15: 99 | L15: 99
A16: Azerbaijan | B16: AZE | C16: 89.952855 | D16: 91.283153 | E16: 92.569324 | F16: 93.35316 | G16: 94.131233 | H16: 94.902977 | I16: 95.667748 | J16: 96.362082 | K16: 97.007102 | L16: 97.642187
A17: Bahamas | B17: BHS | C17: 98.801432 | D17: 98.844196 | E17: 98.88696 | F17: 98.88696 | G17: 98.88696 | H17: 98.88696 | I17: 98.88696
A18: Bahrain | B18: BHR | C18: 99 | D18: 99 | E18: 99 | F18: 99 | G18: 99 | H18: 99 | I18: 99 | J18: 99 | K18: 99 | L18: 99
A19: Bangladesh | B19: BGD | C19: 97.014062 | D19: 97.159664 | E19: 97.301101 | F19: 97.438391 | G19: 97.571493 | H19: 97.700412 | I19: 97.825137 | J19: 97.945676 | K19: 98.03302 | L19: 98.097063
A20: Barbados | B20: BRB | C20: 98.454442 | D20: 98.464443 | E20: 98.474445 | F20: 98.484446 | G20: 98.494448 | H20: 98.504449 | I20: 98.51445 | J20: 98.51445 | K20: 98.51445 | L20: 98.51445
A21: Belarus | B21: BLR | C21: 98.311918 | D21: 98.320361 | E21: 98.330856 | F21: 98.343334 | G21: 98.357755 | H21: 98.373998 | I21: 98.391987 | J21: 98.651573 | K21: 99 | L21: 99
A22: Belgium | B22: BEL | C22: 99 | D22: 99 | E22: 99 | F22: 99 | G22: 99 | H22: 99 | I22: 99 | J22: 99 | K22: 99 | L22: 99
A23: Belize | B23: BLZ | C23: 95.890186 | D23: 96.5423 | E23: 97.175591 | F23: 97.584541 | G23: 97.992578 | H23: 98.399293 | I23: 98.40055 | J23: 98.401956 | K23: 98.403508 | L23: 98.405234
A24: Benin | B24: BEN | C24: 65.2796 | D24: 65.523475 | E24: 65.762759 | F24: 65.997362 | G24: 66.227199 | H24: 66.452198 | I24: 66.672267 | J24: 66.887329 | K24: 67.125909 | L24: 67.36027
A25: Bermuda | B25: BMU | C25: 99 | D25: 99 | E25: 99 | F25: 99 | G25: 99 | H25: 99 | I25: 99 | J25: 99 | K25: 99 | L25: 99
A26: Bhutan | B26: BTN | C26: 95.709153 | D26: 96.605778 | E26: 97.486223 | F26: 98.186239 | G26: 98.659842 | H26: 98.764997 | I26: 98.872312 | J26: 98.981718 | K26: 99 | L26: 99
A27: Bolivia (Plurinational State of) | B27: BOL | C27: 89.250073 | D27: 89.820335 | E27: 90.384168 | F27: 90.941849 | G27: 91.492949 | H27: 92.038844 | I27: 92.565954 | J27: 93.087422 | K27: 93.603179 | L27: 94.11337
A28: Bonaire, Sint Eustatius and Saba | B28: BES | C28: 99 | D28: 99 | E28: 99 | F28: 99 | G28: 99 | H28: 99 | I28: 99 | J28: 99 | K28: 99 | L28: 99
A29: Bosnia and Herzegovina | B29: BIH | C29: 96.352004 | D29: 96.168128 | E29: 96.159843 | F29: 96.151264 | G29: 96.142359 | H29: 96.133174 | I29: 96.123701 | J29: 96.113897 | K29: 96.103823 | L29: 96.093474
... A48: Colombia | B48: COL | C48: 95.577977 | D48: 95.821896 | E48: 96.061409 | F48: 96.296592 | G48: 96.527365 | H48: 96.739501 | I48: 96.892525 | J48: 97.041024 | K48: 97.393817 | L48: 97.53776
A49: Comoros | B49: COM | C49: 80.997568 | D49: 80.206032 | E49: 80.131999 | F49: 80.148851 | G49: 80.167517 | H49: 80.187987 | I49: 80.210501
A50: Congo | B50: COG | C50: 69.059537 | D50: 70.107042 | E50: 71.149584 | F50: 72.186657 | G50: 73.21776 | H50: 73.406816 | I50: 73.59587 | J50: 73.784511 | K50: 73.972327
A51: Cook Islands | B51: COK | C51: 99 | D51: 99 | E51: 99 | F51: 99 | G51: 99 | H51: 99 | I51: 99 | J51: 99 | K51: 99 | L51: 99
A52: Costa Rica | B52: CRI | C52: 98.806782 | D52: 99 | E52: 99 | F52: 99 | G52: 99 | H52: 99 | I52: 99 | J52: 99 | K52: 99 | L52: 99
A53: Côte d'Ivoire | B53: CIV | C53: 72.019 | D53: 72.107137 | E53: 72.195237 | F53: 72.282605 | G53: 72.369466 | H53: 72.455743 | I53: 72.541058 | J53: 72.625345 | K53: 72.738267 | L53: 72.850926
A54: Croatia | B54: HRV
A55: Cuba | B55: CUB | C55: 93.447031 | D55: 93.563572 | E55: 93.680025 | F55: 93.796187 | G55: 93.91318 | H55: 94.030722 | I55: 94.148482 | J55: 94.266279 | K55: 94.557599 | L55: 94.652704
A56: Curaçao | B56: CUW | C56: 99 | D56: 99 | E56: 99 | F56: 99 | G56: 99
A57: Cyprus | B57: CYP | C57: 99 | D57: 99 | E57: 99 | F57: 99 | G57: 99 | H57: 99 | I57: 99 | J57: 99 | K57: 99 | L57: 99
A58: Czechia | B58: CZE | C58: 99 | D58: 99 | E58: 99 | F58: 99 | G58: 99 | H58: 99 | I58: 99 | J58: 99 | K58: 99 | L58: 99
A59: Democratic People's Republic of Korea | B59: PRK | C59: 95.928473 | D59: 95.570676 | E59: 95.21488 | F59: 94.862102 | G59: 94.512454 | H59: 94.166233 | I59: 93.823686 | J59: 93.843846 | K59: 93.865141 | L59: 93.887502
A60: Democratic Republic of the Congo | B60: COD | C60: 36.566225 | D60: 36.438635 | E60: 36.303098 | F60: 36.159533 | G60: 36.007399 | H60: 35.847086 | I60: 35.678057 | J60: 35.500237 | K60: 35.313097 | L60: 35.116567
A61: Denmark | B61: DNK | C61: 99 | D61: 99 | E61: 99 | F61: 99 | G61: 99 | H61: 99 | I61: 99 | J61: 99 | K61: 99 | L61: 99
A62: Djibouti | B62: DJI | C62: 75.70828 | D62: 75.745299 | E62: 75.787046 | F62: 75.83263 | G62: 75.882522 | H62: 75.93685 | I62: 75.995746 | J62: 76.049922 | K62: 76.107047 | L62: 76.167117
A63: Dominica | B63: DMA | C63: 95.420656 | D63: 95.420656 | E63: 95.420656 | F63: 95.420656 | G63: 95.420656
A64: Dominican Republic | B64: DOM | C64: 94.930999 | D64: 95.158006 | E64: 95.374747 | F64: 95.581452 | G64: 95.778187 | H64: 95.964201 | I64: 96.140114 | J64: 96.306579 | K64: 96.704614 | L64: 96.754524
A65: Ecuador | B65: ECU | C65: 91.652326 | D65: 92.357969 | E65: 93.063782 | F65: 93.769415 | G65: 94.313138 | H65: 94.662266 | I65: 95.011225 | J65: 95.359765 | K65: 95.678 | L65: 95.703343
A66: Egypt | B66: EGY | C66: 98.632814 | D66: 98.662078 | E66: 98.691412 | F66: 98.720823 | G66: 98.750574 | H66: 98.755868 | I66: 98.761415 | J66: 98.76719 | K66: 98.767909 | L66: 98.768858
A67: El Salvador | B67: SLV | C67: 93.045963 | D67: 94.152928 | E67: 95.236218 | F67: 96.207476 | G67: 96.805013 | H67: 97.382211 | I67: 97.820348 | J67: 98.030509 | K67: 98.194468 | L67: 98.59316
A68: Equatorial Guinea | B68: GNQ | C68: 63.671513 | D68: 63.926474 | E68: 64.178599 | F68: 64.425519 | G68: 64.665819
A69: Eritrea | B69: ERI | C69: 50.705129 | D69: 51.083565 | E69: 51.465091 | F69: 51.849716
A70: Estonia | B70: EST | C70: 99 | D70: 99 | E70: 99 | F70: 99 | G70: 99 | H70: 99 | I70: 99 | J70: 99 | K70: 99 | L70: 99
A71: Eswatini | B71: SWZ | C71: 64.781156 | D71: 65.657032 | E71: 66.525768 | F71: 67.389953 | G71: 68.402008 | H71: 69.414591 | I71: 70.427535 | J71: 71.440674 | K71: 72.453844 | L71: 73.467202
A72: Ethiopia | B72: ETH | C72: 38.548228 | D72: 40.034665 | E72: 41.506855 | F72: 42.965159 | G72: 44.408497 | H72: 45.838161 | I72: 47.253979 | J72: 48.655348 | K72: 50.042563 | L72: 51.51296
A73: Falkland Islands (Malvinas) | B73: FLK | C73: 94.602168 | D73: 94.712832 | E73: 94.820001 | F73: 94.923902 | G73: 95.024741 | H73: 95.122528 | I73: 95.217254 | J73: 95.308927
A74: Faroe Islands | B74: FRO | C74: 99 | D74: 99 | E74: 99 | F74: 99 | G74: 99 | H74: 99 | I74: 99 | J74: 99 | K74: 99 | L74: 99
A75: Fiji | B75: FJI | C75: 95.17632 | D75: 95.21007 | E75: 95.244202 | F75: 95.278637 | G75: 95.313304 | H75: 95.348273 | I75: 95.383314 | J75: 95.418355 | K75: 95.453462 | L75: 95.488633
A76: Finland | B76: FIN | C76: 99 | D76: 99 | E76: 99 | F76: 99 | G76: 99 | H76: 99 | I76: 99 | J76: 99 | K76: 99 | L76: 99
A77: France | B77: FRA | C77: 99 | D77: 99 | E77: 99 | F77: 99 | G77: 99 | H77: 99 | I77: 99 | J77: 99 | K77: 99 | L77: 99
A78: French Guiana | B78: GUF | C78: 93.558833 | D78: 93.658833 | E78: 93.758834 | F78: 93.858835 | G78: 93.958835 | H78: 94.058836 | I78: 94.158837 | J78: 94.258837 | K78: 94.358838 | L78: 94.358838
A79: French Polynesia | B79: PYF | C79: 99 | D79: 99 | E79: 99 | F79: 99 | G79: 99 | H79: 99 | I79: 99 | J79: 99 | K79: 99 | L79: 99
A80: Gabon | B80: GAB | C80: 83.996153 | D80: 84.13764 | E80: 84.538736 | F80: 84.922796 | G80: 85.291165 | H80: 85.64474 | I80: 85.984021 | J80: 86.310605 | K80: 86.624929 | L80: 86.927766
A81: Gambia | B81: GMB | C81: 80.311019 | D81: 80.917593 | E81: 81.520865 | F81: 82.120549 | G81: 82.716851 | H81: 83.309661 | I81: 83.899021 | J81: 84.484982 | K81: 85.067442 | L81: 85.646613
A82: Georgia | B82: GEO | C82: 93.902962 | D82: 93.489611 | E82: 93.483243 | F82: 93.722722 | G82: 93.961289 | H82: 94.199109 | I82: 94.436027 | J82: 94.6721 | K82: 94.825216 | L82: 94.977535
A83: Germany | B83: DEU | C83: 99 | D83: 99 | E83: 99 | F83: 99 | G83: 99 | H83: 99 | I83: 99 | J83: 99 | K83: 99 | L83: 99
A84: Ghana | B84: GHA | C84: 78.815607 | D84: 79.88443 | E84: 80.954154 | F84: 82.024883 | G84: 83.096466 | H84: 84.169 | I84: 85.242337 | J84: 86.316808 | K84: 87.392271 | L84: 88.36761
A85: Gibraltar | B85: GIB | C85: 99 | D85: 99 | E85: 99 | F85: 99 | G85: 99 | H85: 99 | I85: 99 | J85: 99 | K85: 99 | L85: 99
... A87: Greenland | B87: GRL | C87: 99 | D87: 99 | E87: 99 | F87: 99 | G87: 99 | H87: 99 | I87: 99 | J87: 99 | K87: 99 | L87: 99
A88: Grenada | B88: GRD | C88: 95.62865 | D88: 95.62865 | E88: 95.62865 | F88: 95.62865 | G88: 95.62865
A89: Guadeloupe | B89: GLP | C89: 99 | D89: 99 | E89: 99 | F89: 99 | G89: 99 | H89: 99 | I89: 99 | J89: 99 | K89: 99 | L89: 99
A90: Guam | B90: GUM | C90: 99 | D90: 99 | E90: 99 | F90: 99 | G90: 99 | H90: 99 | I90: 99 | J90: 99 | K90: 99 | L90: 99
A91: Guatemala | B91: GTM | C91: 91.349409 | D91: 91.703573 | E91: 92.056092 | F91: 92.406526 | G91: 92.754938 | H91: 93.132636 | I91: 93.507709 | J91: 93.880094 | K91: 94.249619 | L91: 94.616109
A92: Guinea | B92: GIN | C92: 60.483878 | D92: 61.648794 | E92: 62.827263 | F92: 64.019238 | G92: 65.224652 | H92: 66.443456 | I92: 67.675247 | J92: 68.920631 | K92: 70.179198 | L92: 71.451212
A93: Guinea-Bissau | B93: GNB | C93: 60.054163 | D93: 60.313003 | E93: 60.556537 | F93: 60.784452 | G93: 60.996701 | H93: 61.193474 | I93: 61.374472 | J93: 61.539657 | K93: 61.688983 | L93: 61.776133
A94: Guyana | B94: GUY | C94: 92.862148 | D94: 93.209591 | E94: 93.557313 | F94: 93.905196 | G94: 94.253127 | H94: 94.600872 | I94: 94.948364 | J94: 95.276885 | K94: 95.568866 | L94: 95.859737
A95: Haiti | B95: HTI | C95: 63.632691 | D95: 64.102238 | E95: 64.567485 | F95: 65.023017 | G95: 65.466827 | H95: 65.899445 | I95: 66.320986 | J95: 66.69531 | K95: 67.061275 | L95: 67.418885
A96: Holy See | B96: VAT
A97: Honduras | B97: HND | C97: 91.976725 | D97: 92.433055 | E97: 92.882008 | F97: 93.323893 | G97: 93.758666 | H97: 94.186287 | I97: 94.606848 | J97: 95.020448 | K97: 95.427067 | L97: 95.804095
A98: Hungary | B98: HUN | C98: 99 | D98: 99 | E98: 99 | F98: 99 | G98: 99 | H98: 99 | I98: 99 | J98: 99 | K98: 99 | L98: 99
A99: Iceland | B99: ISL | C99: 99 | D99: 99 | E99: 99 | F99: 99 | G99: 99 | H99: 99 | I99: 99 | J99: 99 | K99: 99 | L99: 99
A100: India | B100: IND | C100: 87.982367 | D100: 88.587372 | E100: 89.189309 | F100: 89.787961 | G100: 90.383184 | H100: 90.974676 | I100: 91.562221 | J100: 92.145605 | K100: 92.724654 | L100: 93.299096
A101: Indonesia | B101: IDN | C101: 87.039689 | D101: 87.857942 | E101: 88.667249 | F101: 89.467667 | G101: 90.258721 | H101: 91.040797 | I101: 91.813742 | J101: 92.587396 | K101: 93.351766 | L101: 94.107193
A102: Iran (Islamic Republic of) | B102: IRN | C102: 96.494539 | D102: 96.641629 | E102: 96.785107 | F102: 96.925083 | G102: 97.061514 | H102: 97.19434 | I102: 97.323613 | J102: 97.449476 | K102: 97.571924 | L102: 97.691187
A103: Iraq | B103: IRQ | C103: 92.460284 | D103: 93.35602 | E103: 94.247595 | F103: 95.136174 | G103: 96.021309 | H103: 96.902401 | I103: 97.778785 | J103: 98.359907 | K103: 98.371154 | L103: 98.382852
A104: Ireland | B104: IRL | C104: 96.351241 | D104: 96.283243 | E104: 96.214982 | F104: 96.146438 | G104: 96.077443 | H104: 96.007944 | I104: 96.004104 | J104: 96.000058 | K104: 95.995831 | L104: 95.991405
A105: Isle of Man | B105: IMN | C105: 98.656056 | D105: 98.792477 | E105: 98.928899 | F105: 99 | G105: 99 | H105: 99 | I105: 99 | J105: 99 | K105: 99 | L105: 99
A106: Israel | B106: ISR | C106: 99 | D106: 99 | E106: 99 | F106: 99 | G106: 99 | H106: 99 | I106: 99 | J106: 99 | K106: 99 | L106: 99
A107: Italy | B107: ITA | C107: 99 | D107: 99 | E107: 99 | F107: 99 | G107: 99 | H107: 99 | I107: 99 | J107: 99 | K107: 99 | L107: 99
A108: Jamaica | B108: JAM | C108: 90.130086 | D108: 90.273093 | E108: 90.416798 | F108: 90.561205 | G108: 90.706129 | H108: 90.851574 | I108: 90.997353 | J108: 91.029945 | K108: 91.064036 | L108: 91.099633
... A110: Jordan | B110: JOR | C110: 98.878068 | D110: 98.902211 | E110: 98.912476 | F110: 98.922552 | G110: 98.932389 | H110: 98.941987 | I110: 98.951366 | J110: 98.960514 | K110: 98.965029 | L110: 98.969385
A111: Kazakhstan | B111: KAZ | C111: 94.632201 | D111: 94.8292 | E111: 95.025335 | F111: 95.220509 | G111: 95.414662 | H111: 95.420237 | I111: 95.427029 | J111: 95.434966 | K111: 95.444059
A112: Kenya | B112: KEN | C112: 56.763103 | D112: 57.453473 | E112: 58.141164 | F112: 58.825945 | G112: 59.507572 | H112: 60.186177 | I112: 60.860783 | J112: 61.531868 | K112: 62.198837 | L112: 62.861778
A113: Kiribati | B113: KIR | C113: 70.12366 | D113: 70.754999 | E113: 71.378933 | F113: 71.990932 | G113: 72.589757 | H113: 73.175922 | I113: 73.749367 | J113: 74.309477 | K113: 74.856495 | L113: 75.694106
A114: Kuwait | B114: KWT | C114: 99 | D114: 99 | E114: 99 | F114: 99 | G114: 99 | H114: 99 | I114: 99 | J114: 99 | K114: 99 | L114: 99
A115: Kyrgyzstan | B115: KGZ | C115: 86.950087 | D115: 87.488946 | E115: 88.028248 | F115: 88.557618 | G115: 88.993 | H115: 89.426943 | I115: 89.858808 | J115: 90.714654 | K115: 90.753557 | L115: 90.795807
A116: Lao People's Democratic Republic | B116: LAO | C116: 73.682401 | D116: 75.581824 | E116: 77.460572 | F116: 79.597843 | G116: 81.451997 | H116: 83.285884 | I116: 85.099832 | J116: 85.219739 | K116: 85.3404 | L116: 85.4618
A117: Latvia | B117: LVA | C117: 98.424154 | D117: 98.476591 | E117: 98.528962 | F117: 98.581364 | G117: 98.633753 | H117: 98.686067 | I117: 98.738255 | J117: 98.790264 | K117: 98.842044 | L117: 98.893527
A118: Lebanon | B118: LBN | C118: 90.131962 | D118: 90.572423 | E118: 91.012884 | F118: 91.453346 | G118: 91.893807 | H118: 92.334268 | I118: 92.6 | J118: 92.6 | K118: 92.6 | L118: 92.6
A119: Lesotho | B119: LSO | C119: 70.52984 | D119: 70.909171 | E119: 71.293099 | F119: 71.6812 | G119: 72.073806 | H119: 72.472569 | I119: 72.877375 | J119: 73.288919 | K119: 73.628761 | L119: 73.970709
A120: Liberia | B120: LBR | C120: 71.04756 | D120: 71.585931 | E120: 72.116666 | F120: 72.639713 | G120: 73.154619 | H120: 73.661776 | I120: 74.16096 | J120: 74.652148 | K120: 75.135337 | L120: 75.610132
...

Sheet Food
C1: % Undernourished
A2: Country Name | B2: ISO | C2: 2013 | D2: 2014 | E2: 2015 | F2: 2016 | G2: 2017 | H2: 2018 | I2: 2019 | J2: 2020 | K2: 2021
A3: Afghanistan | B3: AFG | C3: 20.8 | D3: 20.7 | E3: 21.3 | F3: 21.8 | G3: 22.7 | H3: 24 | I3: 26.9 | J3: 28.8 | K3: 30.1
A4: Albania | B4: ALB | C4: 4.4 | D4: 4.4 | E4: 4.3 | F4: 4.2 | G4: 4.2 | H4: 4.1 | I4: 4.1 | J4: 4.1 | K4: 4.1
A5: Algeria | B5: DZA | C5: 2.9 | D5: 2.7 | E5: 2.6 | F5: 2.6 | G5: 2.6 | H5: 2.5 | I5: 2.5 | J5: 2.5 | K5: 2.5
A6: American Samoa | B6: ASM
A7: Andorra | B7: AND
A8: Angola | B8: AGO | C8: 12.7 | D8: 12.5 | E8: 13.5 | F8: 14.4 | G8: 14.7 | H8: 15.2 | I8: 17.5 | J8: 20.1 | K8: 21.6
A9: Anguilla | B9: AIA
A10: Antigua and Barbuda | B10: ATG
A11: Argentina | B11: ARG | C11: 3 | D11: 2.7 | E11: 2.7 | F11: 2.9 | G11: 3.3 | H11: 3.4 | I11: 3.4 | J11: 3.3 | K11: 3.2
A12: Armenia | B12: ARM | C12: 2.5 | D12: 2.5 | E12: 2.5 | F12: 2.5 | G12: 2.5 | H12: 2.5 | I12: 2.5 | J12: 2.5 | K12: 2.5
A13: Aruba | B13: ABW
A14: Australia | B14: AUS | C14: 2.5 | D14: 2.5 | E14: 2.5 | F14: 2.5 | G14: 2.5 | H14: 2.5 | I14: 2.5 | J14: 2.5 | K14: 2.5
A15: Austria | B15: AUT | C15: 2.5 | D15: 2.5 | E15: 2.5 | F15: 2.5 | G15: 2.5 | H15: 2.5 | I15: 2.5 | J15: 2.5 | K15: 2.5
A16: Azerbaijan | B16: AZE | C16: 2.5 | D16: 2.5 | E16: 2.5 | F16: 2.5 | G16: 2.5 | H16: 2.5 | I16: 2.5 | J16: 2.5 | K16: 2.5
A17: Bahamas | B17: BHS
A18: Bahrain | B18: BHR
A19: Bangladesh | B19: BGD | C19: 15.6 | D19: 14.8 | E19: 14.8 | F19: 14.3 | G19: 13.6 | H19: 12.7 | I19: 11.8 | J19: 11.7 | K19: 11.2
A20: Barbados | B20: BRB | C20: 2.5 | D20: 2.5 | E20: 2.5 | F20: 2.6 | G20: 2.6 | H20: 2.5 | I20: 2.5 | J20: 2.5 | K20: 2.5
A21: Belarus | B21: BLR | C21: 2.5 | D21: 2.5 | E21: 2.5 | F21: 2.5 | G21: 2.5 | H21: 2.5 | I21: 2.5 | J21: 2.5 | K21: 2.5
A22: Belgium | B22: BEL | C22: 2.5 | D22: 2.5 | E22: 2.5 | F22: 2.5 | G22: 2.5 | H22: 2.5 | I22: 2.5 | J22: 2.5 | K22: 2.5
A23: Belize | B23: BLZ | C23: 6.3 | D23: 6.6 | E23: 6.8 | F23: 6.4 | G23: 6 | H23: 5.3 | I23: 4.8 | J23: 4.7 | K23: 4.9
A24: Benin | B24: BEN | C24: 8.2 | D24: 8.2 | E24: 8.1 | F24: 8.7 | G24: 9.5 | H24: 10.4 | I24: 10.6 | J24: 10.2 | K24: 9.9
A25: Bermuda | B25: BMU
A26: Bhutan | B26: BTN
A27: Bolivia (Plurinational State of) | B27: BOL | C27: 17.9 | D27: 17.1 | E27: 16 | F27: 14.9 | G27: 14.2 | H27: 13.8 | I27: 13.7 | J27: 16.2 | K27: 19.4
A28: Bonaire, Sint Eustatius and Saba | B28: BES
A29: Bosnia and Herzegovina | B29: BIH | C29: 2.5 | D29: 2.5 | E29: 2.5 | F29: 2.5 | G29: 2.5 | H29: 2.5 | I29: 2.5 | J29: 2.5 | K29: 2.5
A30: Botswana | B30: BWA | C30: 23 | D30: 23.3 | E30: 24.1 | F30: 25 | G30: 26.3 | H30: 26.4 | I30: 26.4 | J30: 24.5 | K30: 22.9
A31: Brazil | B31: BRA | C31: 2.8 | D31: 2.6 | E31: 2.5 | F31: 2.5 | G31: 2.5 | H31: 2.5 | I31: 2.5 | J31: 3.7 | K31: 4.7
A32: British Virgin Islands | B32: VGB
A33: Brunei Darussalam | B33: BRN
A34: Bulgaria | B34: BGR | C34: 3.8 | D34: 3.8 | E34: 3.7 | F34: 3.8 | G34: 3.1 | H34: 2.8 | I34: 2.7 | J34: 2.5 | K34: 2.5
A35: Burkina Faso | B35: BFA | C35: 13.2 | D35: 13.1 | E35: 13.3 | F35: 13.6 | G35: 13.7 | H35: 14 | I35: 14.6 | J35: 15.5 | K35: 16.2
A36: Burundi | B36: BDI
A37: Cabo Verde | B37: CPV | C37: 19.4 | D37: 20.7 | E37: 21.4 | F37: 21.7 | G37: 20.9 | H37: 19.8 | I37: 18.5 | J37: 18.1 | K37: 18.2
A38: Cambodia | B38: KHM | C38: 8 | D38: 7.5 | E38: 6.9 | F38: 6.5 | G38: 5.8 | H38: 4.8 | I38: 4.3 | J38: 4.6 | K38: 4.8
A39: Cameroon | B39: CMR | C39: 3.8 | D39: 4.1 | E39: 4.4 | F39: 5 | G39: 5.6 | H39: 5.9 | I39: 5.8 | J39: 5.6 | K39: 6.4
A40: Canada | B40: CAN | C40: 2.5 | D40: 2.5 | E40: 2.5 | F40: 2.5 | G40: 2.5 | H40: 2.5 | I40: 2.5 | J40: 2.5 | K40: 2.5
A41: Cayman Islands | B41: CYM
A42: Central African Republic | B42: CAF | C42: 42.1 | D42: 46.9 | E42: 49.1 | F42: 48 | G42: 46.7 | H42: 44.5 | I42: 44.8 | J42: 45.7 | K42: 48.7
A43: Chad | B43: TCD | C43: 24.1 | D43: 25.5 | E43: 26.2 | F43: 26.1 | G43: 26 | H43: 26.8 | I43: 28.1 | J43: 29.8 | K43: 31.4
A44: Chile | B44: CHL | C44: 3.3 | D44: 3.1 | E44: 3.1 | F44: 3.1 | G44: 3 | H44: 2.8 | I44: 2.6 | J44: 2.5 | K44: 2.5
A45: China, Hong Kong SAR | B45: HKG | C45: 2.5 | D45: 2.5 | E45: 2.5 | F45: 2.5 | G45: 2.5 | H45: 2.5 | I45: 2.5 | J45: 2.5 | K45: 2.5
A46: China, Macao SAR | B46: MAC | C46: 7.1 | D46: 6.3 | E46: 5.8 | F46: 5.7 | G46: 5.6 | H46: 5.4 | I46: 6.4 | J46: 7.1 | K46: 8
A47: China, mainland | B47: CHN | C47: 2.5 | D47: 2.5 | E47: 2.5 | F47: 2.5 | G47: 2.5 | H47: 2.5 | I47: 2.5 | J47: 2.5 | K47: 2.5
A48: China, Taiwan Province of | B48: TWN | C48: 4.6 | D48: 4.4 | E48: 4.3 | F48: 4.3 | G48: 4.2 | H48: 4 | I48: 3.7 | J48: 3.3 | K48: 3
A49: Colombia | B49: COL | C49: 7 | D49: 5.8 | E49: 4.9 | F49: 4.5 | G49: 4.3 | H49: 4.6 | I49: 5.4 | J49: 6.3 | K49: 6.6
A50: Comoros | B50: COM | C50: 13.2 | D50: 12.8 | E50: 12.4 | F50: 11.9 | G50: 11.6 | H50: 11.7 | I50: 11.6 | J50: 11.9 | K50: 13.5
A51: Congo | B51: COG | C51: 31 | D51: 27.9 | E51: 27.7 | F51: 28.5 | G51: 30.2 | H51: 30.8 | I51: 31.1 | J51: 32 | K51: 33.3
A52: Cook Islands | B52: COK
A53: Costa Rica | B53: CRI | C53: 5 | D53: 4.8 | E53: 4.2 | F53: 3.7 | G53: 3.2 | H53: 3.1 | I53: 3.1 | J53: 3.1 | K53: 3
A54: Côte d'Ivoire | B54: CIV | C54: 13.4 | D54: 12.6 | E54: 11.9 | F54: 10.6 | G54: 9.8 | H54: 9 | I54: 8.4 | J54: 7.9 | K54: 7.7
A55: Croatia | B55: HRV | C55: 2.5 | D55: 2.5 | E55: 2.5 | F55: 2.5 | G55: 2.5 | H55: 2.5 | I55: 2.5 | J55: 2.5 | K55: 2.5
A56: Cuba | B56: CUB | C56: 2.5 | D56: 2.5 | E56: 2.5 | F56: 2.5 | G56: 2.5 | H56: 2.5 | I56: 2.5 | J56: 2.5 | K56: 2.5
A57: Curaçao | B57: CUW
A58: Cyprus | B58: CYP | C58: 2.5 | D58: 2.5 | E58: 2.5 | F58: 2.5 | G58: 2.5 | H58: 2.5 | I58: 2.5 | J58: 2.5 | K58: 2.5
A59: Czechia | B59: CZE | C59: 2.5 | D59: 2.5 | E59: 2.5 | F59: 2.5 | G59: 2.5 | H59: 2.5 | I59: 2.5 | J59: 2.5 | K59: 2.5
A60: Democratic People's Republic of Korea | B60: PRK | C60: 39 | D60: 39.8 | E60: 40.5 | F60: 41.4 | G60: 43 | H60: 42.5 | I60: 43.3 | J60: 43.9 | K60: 45.5
A61: Democratic Republic of the Congo | B61: COD | C61: 29.4 | D61: 29.6 | E61: 30.2 | F61: 30.8 | G61: 31.2 | H61: 31 | I61: 32.5 | J61: 33.9 | K61: 35.3
A62: Denmark | B62: DNK | C62: 2.5 | D62: 2.5 | E62: 2.5 | F62: 2.5 | G62: 2.5 | H62: 2.5 | I62: 2.5 | J62: 2.5 | K62: 2.5
A63: Djibouti | B63: DJI | C63: 25.3 | D63: 22.9 | E63: 21.3 | F63: 20.2 | G63: 19.9 | H63: 19.4 | I63: 19 | J63: 17.3 | K63: 16.8
A64: Dominica | B64: DMA | C64: 4.7 | D64: 5 | E64: 5.6 | F64: 5.6 | G64: 6.1 | H64: 6.4 | I64: 6.8 | J64: 7.1 | K64: 6.7
A65: Dominican Republic | B65: DOM | C65: 9.2 | D65: 8.4 | E65: 7.4 | F65: 6.7 | G65: 6 | H65: 5.7 | I65: 6.3 | J65: 6.3 | K65: 6.3
A66: Ecuador | B66: ECU | C66: 8.7 | D66: 8.6 | E66: 9 | F66: 9.7 | G66: 10.8 | H66: 11.9 | I66: 13.4 | J66: 14.1 | K66: 13.9
A67: Egypt | B67: EGY | C67: 5.3 | D67: 5.5 | E67: 5.8 | F67: 6 | G67: 6.4 | H67: 6.3 | I67: 6.3 | J67: 6.4 | K67: 7.2
A68: El Salvador | B68: SLV | C68: 9.8 | D68: 10 | E68: 9.6 | F68: 8.9 | G68: 8 | H68: 7.1 | I68: 7.2 | J68: 7 | K68: 7.7
A69: Equatorial Guinea | B69: GNQ
A70: Eritrea | B70: ERI
A71: Estonia | B71: EST | C71: 2.5 | D71: 2.5 | E71: 2.5 | F71: 2.5 | G71: 2.5 | H71: 2.5 | I71: 2.5 | J71: 2.5 | K71: 2.5
A72: Eswatini | B72: SWZ | C72: 15.8 | D72: 14.4 | E72: 14.4 | F72: 14.5 | G72: 13.7 | H72: 12.9 | I72: 12.1 | J72: 11.9 | K72: 11.6
A73: Ethiopia | B73: ETH | C73: 17.3 | D73: 15.6 | E73: 14.5 | F73: 14.1 | G73: 15.5 | H73: 18 | I73: 20.7 | J73: 22.3 | K73: 21.9
A74: Falkland Islands (Malvinas) | B74: FLK
A75: Faroe Islands | B75: FRO
A76: Fiji | B76: FJI | C76: 9.2 | D76: 8.9 | E76: 9.2 | F76: 8.9 | G76: 8.4 | H76: 6.9 | I76: 5.7 | J76: 5.9 | K76: 6.6
A77: Finland | B77: FIN | C77: 2.5 | D77: 2.5 | E77: 2.5 | F77: 2.5 | G77: 2.5 | H77: 2.5 | I77: 2.5 | J77: 2.5 | K77: 2.5
A78: France | B78: FRA | C78: 2.5 | D78: 2.5 | E78: 2.5 | F78: 2.5 | G78: 2.5 | H78: 2.5 | I78: 2.5 | J78: 2.5 | K78: 2.5
A79: French Guiana | B79: GUF
A80: French Polynesia | B80: PYF | C80: 5 | D80: 5.3 | E80: 5.7 | F80: 6.1 | G80: 6.5 | H80: 6.3 | I80: 5.9 | J80: 5.4 | K80: 5.1
A81: Gabon | B81: GAB | C81: 15.4 | D81: 15.7 | E81: 16.3 | F81: 17.4 | G81: 18.4 | H81: 19.5 | I81: 20.9 | J81: 22.1 | K81: 23
A82: Gambia | B82: GMB | C82: 14.4 | D82: 15.4 | E82: 15.9 | F82: 16.7 | G82: 17.6 | H82: 17.8 | I82: 18.3 | J82: 18.7 | K82: 19.6
A83: Georgia | B83: GEO | C83: 4 | D83: 3.6 | E83: 3.6 | F83: 3.7 | G83: 3.7 | H83: 3.1 | I83: 3.1 | J83: 3 | K83: 2.9
A84: Germany | B84: DEU | C84: 2.5 | D84: 2.5 | E84: 2.5 | F84: 2.5 | G84: 2.5 | H84: 2.5 | I84: 2.5 | J84: 2.5 | K84: 2.5
A85: Ghana | B85: GHA | C85: 6.9 | D85: 7.5 | E85: 8.2 | F85: 8.3 | G85: 7.6 | H85: 6.5 | I85: 5.7 | J85: 5.1 | K85: 4.9
A86: Gibraltar | B86: GIB
A87: Greece | B87: GRC | C87: 2.5 | D87: 2.5 | E87: 2.5 | F87: 2.5 | G87: 2.5 | H87: 2.5 | I87: 2.5 | J87: 2.5 | K87: 2.5
A88: Greenland | B88: GRL
A89: Grenada | B89: GRD
A90: Guadeloupe | B90: GLP
A91: Guam | B91: GUM
A92: Guatemala | B92: GTM | C92: 16.1 | D92: 16.2 | E92: 15.7 | F92: 14.8 | G92: 14.4 | H92: 14.1 | I92: 14.1 | J92: 13.5 | K92: 13.3
A93: Guinea | B93: GIN | C93: 13.5 | D93: 12.9 | E93: 12.9 | F93: 13.3 | G93: 13.3 | H93: 12.7 | I93: 12.5 | J93: 12.4 | K93: 12.9
A94: Guinea-Bissau | B94: GNB | C94: 33 | D94: 34.8 | E94: 35.1 | F94: 34 | G94: 32.9 | H94: 33.1 | I94: 35.3 | J94: 36.8 | K94: 37.9
A95: Guyana | B95: GUY | C95: 7.4 | D95: 6.1 | E95: 4.5 | F95: 3.4 | G95: 3.3 | H95: 3.5 | I95: 3.6 | J95: 3 | K95: 2.5
A96: Haiti | B96: HTI | C96: 40 | D96: 38.7 | E96: 38.8 | F96: 39.6 | G96: 41.1 | H96: 42.2 | I96: 43.6 | J96: 43.3 | K96: 45
A97: Holy See | B97: VAT
A98: Honduras | B98: HND | C98: 15.1 | D98: 15.6 | E98: 15.5 | F98: 14.9 | G98: 14.3 | H98: 14.1 | I98: 14.5 | J98: 16.2 | K98: 18.7
A99: Hungary | B99: HUN | C99: 2.5 | D99: 2.5 | E99: 2.5 | F99: 2.5 | G99: 2.5 | H99: 2.5 | I99: 2.5 | J99: 2.5 | K99: 2.5
A100: Iceland | B100: ISL | C100: 2.5 | D100: 2.5 | E100: 2.5 | F100: 2.5 | G100: 2.5 | H100: 2.5 | I100: 2.5 | J100: 2.5 | K100: 2.5
...

Sheet Housing
C1: Inadequate Housing % of Population
A2: Country Name | B2: ISO | C2: 2013 | D2: 2014 | E2: 2015 | F2: 2016 | G2: 2017 | H2: 2018 | I2: 2019 | J2: 2020 | K2: 2021 | L2: 2022
A3: Afghanistan | B3: AFG | C3: 2.396188 | D3: 2.396188 | E3: 2.396188 | F3: 54.479075 | G3: 54.479075 | H3: 54.479075 | I3: 54.479075 | J3: 54.479075 | K3: 54.479075 | L3: 54.479075
A4: Albania | B4: ALB | C4: 1.3068737 | D4: 1.3068737 | E4: 1.3068737 | F4: 1.3068737 | G4: 1.3068737 | H4: 0.13925181 | I4: 0.13925181 | J4: 0.13925181 | K4: 0.13925181 | L4: 0.13925181
A5: Algeria | B5: DZA | C5: 0.81320228 | D5: 0.81320228 | E5: 0.81320228 | F5: 0.81320228 | G5: 0.81320228 | H5: 0.81320228 | I5: 0.44245003 | J5: 0.44245003 | K5: 0.44245003 | L5: 0.44245003
A6: American Samoa | B6: ASM
A7: Andorra | B7: AND
A8: Angola | B8: AGO | F8: 44.128182 | G8: 44.128182 | H8: 44.128182 | I8: 44.128182 | J8: 44.128182 | K8: 44.128182 | L8: 44.128182
A9: Anguilla | B9: AIA
A10: Antigua and Barbuda | B10: ATG
A11: Argentina | B11: ARG | C11: 1.6 | D11: 1.6 | E11: 1.6 | J11: 44.128182 | K11: 44.128182 | L11: 44.128182
A12: Armenia | B12: ARM | C12: 0 | D12: 0 | E12: 0 | F12: 0.023653369 | G12: 0.023653369 | H12: 0.023653369 | I12: 0.023653369 | J12: 0.023653369 | K12: 0.023653369 | L12: 0.023653369
A13: Aruba | B13: ABW
A14: Australia | B14: AUS
A15: Austria | B15: AUT
A16: Azerbaijan | B16: AZE | C16: 1.7890519 | D16: 1.7890519 | E16: 1.7890519 | F16: 1.7890519
A17: Bahamas | B17: BHS
A18: Bahrain | B18: BHR
A19: Bangladesh | B19: BGD | C19: 35.14307 | D19: 38.683525 | E19: 38.683525 | F19: 38.683525 | G19: 38.683525 | H19: 38.683525 | I19: 23.329691 | J19: 23.329691 | K19: 23.329691 | L19: 23.329691
A20: Barbados | B20: BRB | C20: 0.2709889 | D20: 0.2709889 | E20: 0.2709889 | F20: 0.2709889 | G20: 0.2709889 | H20: 0.2709889 | I20: 0.2709889 | J20: 0.2709889 | K20: 0.2709889 | L20: 0.2709889
A21: Belarus | B21: BLR | C21: 0 | D21: 0 | E21: 0
A22: Belgium | B22: BEL
A23: Belize | B23: BLZ | C23: 1.603814 | D23: 1.603814 | E23: 1.603814 | F23: 2.8491478 | G23: 2.8491478 | H23: 2.8491478 | I23: 2.8491478 | J23: 2.8491478 | K23: 2.8491478 | L23: 2.8491478
A24: Benin | B24: BEN | C24: 32.59259 | D24: 44.337577 | E24: 44.337577 | F24: 44.337577 | G24: 44.337577 | H24: 42.913766 | I24: 42.913766 | J24: 42.913766 | K24: 42.913766 | L24: 42.913766
A25: Bermuda | B25: BMU
A26: Bhutan | B26: BTN | C26: 30.862819 | D26: 30.862819 | E26: 30.862819 | F26: 30.862819 | G26: 30.862819 | H26: 30.862819 | I26: 30.862819 | J26: 30.862819
A27: Bolivia (Plurinational State of) | B27: BOL | C27: 16.830294 | D27: 16.830294 | E27: 16.830294 | F27: 7.5000166 | G27: 7.5000166 | H27: 7.5000166 | I27: 7.5000166 | J27: 7.5000166 | K27: 7.5000166 | L27: 7.5000166
A28: Bonaire, Sint Eustatius and Saba | B28: BES
A29: Bosnia and Herzegovina | B29: BIH | C29: 0.04973027 | D29: 0.04973027 | E29: 0.04973027 | F29: 0.04973027 | G29: 0.04973027 | H29: 0.04973027 | I29: 0.04973027 | J29: 0.04973027 | K29: 0.04973027 | L29: 0.04973027
A30: Botswana | B30: BWA | F30: 9.0563616 | G30: 9.0563616 | H30: 9.0563616 | I30: 9.0563616 | J30: 9.0563616 | K30: 9.0563616 | L30: 9.0563616
A31: Brazil | B31: BRA | C31: 0.3 | D31: 0.3 | E31: 0.56737738 | F31: 0.56737738 | G31: 0.56737738 | H31: 0.56737738 | I31: 0.56737738 | J31: 0.56737738 | K31: 0.56737738 | L31: 0.56737738
A32: British Virgin Islands | B32: VGB
A33: Brunei Darussalam | B33: BRN
A34: Bulgaria | B34: BGR
A35: Burkina Faso | B35: BFA | C35: 71.740478 | D35: 71.740478 | E35: 71.740478 | F35: 71.740478 | G35: 71.740478 | H35: 71.740478 | I35: 71.740478 | J35: 71.740478
A36: Burundi | B36: BDI | C36: 76.36504 | D36: 76.36504 | E36: 76.36504 | F36: 76.36504 | G36: 70.60278 | H36: 70.60278 | I36: 70.60278 | J36: 70.60278 | K36: 70.60278 | L36: 70.60278
A37: Cabo Verde | B37: CPV
A38: Cambodia | B38: KHM | C38: 3.9 | D38: 21.795412 | E38: 21.795412 | F38: 21.795412 | G38: 21.795412 | H38: 21.795412 | I38: 21.795412 | J38: 21.795412 | K38: 21.795412 | L38: 4.5952475
A39: Cameroon | B39: CMR | C39: 34.47456 | D39: 38.972089 | E39: 38.972089 | F39: 38.972089 | G39: 38.972089 | H39: 36.977012 | I39: 36.977012 | J39: 36.977012 | K39: 36.977012 | L39: 36.977012
A40: Canada | B40: CAN
A41: Cayman Islands | B41: CYM
A42: Central African Republic | B42: CAF | C42: 73.094505 | D42: 73.094505 | E42: 73.094505 | F42: 73.094505 | G42: 73.094505 | H42: 73.094505 | I42: 75.452305 | J42: 75.452305 | K42: 75.452305 | L42: 75.452305
A43: Chad | B43: TCD | C43: 84.57129 | D43: 84.57129 | E43: 82.959938 | F43: 82.959938 | G43: 82.959938 | H43: 82.959938 | I43: 80.360142 | J43: 80.360142 | K43: 80.360142 | L43: 80.360142
A44: Chile | B44: CHL
A45: China, mainland | B45: CHN
A46: China, Hong Kong SAR | B46: HKG
A47: China, Macao SAR | B47: MAC
A48: China, Taiwan Province of | B48: TWN
A49: Colombia | B49: COL | C49: 2.3 | D49: 2.3 | E49: 2.3 | F49: 3.9676491 | G49: 3.9676491 | H49: 3.9676491 | I49: 3.9676491 | J49: 3.9676491 | K49: 3.9676491 | L49: 3.9676491
A50: Comoros | B50: COM | C50: 23.734123 | D50: 23.734123 | E50: 23.734123 | F50: 23.734123 | G50: 23.734123 | H50: 23.734123 | I50: 23.734123 | J50: 23.734123 | K50: 23.734123 | L50: 23.734123
A51: Congo | B51: COG | C51: 32.501262 | D51: 32.501262 | E51: 19.288223 | F51: 19.288223 | G51: 19.288223 | H51: 19.288223 | I51: 19.288223 | J51: 19.288223 | K51: 19.288223 | L51: 19.288223
A52: Cook Islands | B52: COK
A53: Costa Rica | B53: CRI | H53: 0.23872918 | I53: 0.23872918 | J53: 0.23872918 | K53: 0.23872918 | L53: 0.23872918
A54: Côte d'Ivoire | B54: CIV | C54: 16.62007 | D54: 16.62007 | E54: 16.62007 | F54: 24.134787 | G54: 24.134787 | H54: 24.134787 | I54: 24.134787 | J54: 24.134787 | K54: 24.134787 | L54: 24.134787
A55: Croatia | B55: HRV | C55: 0.1
A56: Cuba | B56: CUB | G56: 0.28864995 | H56: 0.28864995 | I56: 0.6621968 | J56: 0.6621968 | K56: 0.6621968 | L56: 0.6621968
A57: Curaçao | B57: CUW
A58: Cyprus | B58: CYP
A59: Czechia | B59: CZE | C59: 0
A60: Democratic People's Republic of Korea | B60: PRK
A61: Democratic Republic of the Congo | B61: COD | C61: 68.8 | D61: 69.778818 | E61: 69.778818 | F61: 69.778818 | G61: 69.778818 | H61: 59.239377 | I61: 59.239377 | J61: 59.239377 | K61: 59.239377 | L61: 59.239377
A62: Denmark | B62: DNK
A63: Djibouti | B63: DJI | C63: 28.763047 | D63: 28.763047 | E63: 28.763047 | F63: 28.763047
A64: Dominica | B64: DMA
A65: Dominican Republic | B65: DOM | C65: 0.7792875 | D65: 1.7894368 | E65: 1.7894368 | F65: 1.7894368 | G65: 1.7894368 | H65: 1.7894368 | I65: 0.23872918 | J65: 0.23872918 | K65: 0.23872918 | L65: 0.23872918
A66: Ecuador | B66: ECU | C66: 0.2 | D66: 2.3781834 | E66: 2.3781834 | F66: 2.3781834 | G66: 2.3781834 | H66: 0.6621968 | I66: 0.6621968 | J66: 0.6621968 | K66: 0.6621968 | L66: 0.6621968
A67: Egypt | B67: EGY | C67: 2.3 | D67: 0.73699228 | E67: 0.73699228 | F67: 0.73699228 | G67: 0.73699228 | H67: 0.73699228 | I67: 0.73699228 | J67: 0.73699228 | K67: 0.73699228 | L67: 0.73699228
A68: El Salvador | B68: SLV | D68: 6.0752234 | E68: 6.0752234 | F68: 6.0752234 | G68: 6.0752234 | H68: 6.0752234 | I68: 6.0752234 | J68: 6.0752234 | K68: 6.0752234 | L68: 6.0752234
A69: Equatorial Guinea | B69: GNQ
A70: Eritrea | B70: ERI
A71: Estonia | B71: EST | C71: 0
A72: Eswatini | B72: SWZ | C72: 5.4 | D72: 8.770344 | E72: 8.770344 | F72: 8.770344 | G72: 8.770344 | H72: 8.770344 | I72: 8.770344 | J72: 8.770344 | K72: 8.770344 | L72: 8.770344
A73: Ethiopia | B73: ETH | C73: 82.6 | D73: 82.6 | E73: 82.6 | F73: 83.25091 | G73: 83.25091 | H73: 83.25091 | I73: 67.533078 | J73: 67.533078 | K73: 67.533078 | L73: 67.533078
A74: Falkland Islands (Malvinas) | B74: FLK
A75: Faroe Islands | B75: FRO
A76: Fiji | B76: FJI | K76: 0.90093495 | L76: 0.90093495
A77: Finland | B77: FIN
A78: France | B78: FRA
A79: French Guiana | B79: GUF
A80: French Polynesia | B80: PYF
A81: Gabon | B81: GAB | C81: 9.2434415 | D81: 9.2434415 | E81: 9.2434415 | F81: 9.2434415 | G81: 9.2434415 | H81: 9.2434415 | I81: 9.2434415 | J81: 9.2434415 | K81: 9.2434415 | L81: 9.2434415
A82: Gambia | B82: GMB | C82: 28.62187 | D82: 28.62187 | E82: 28.62187 | F82: 28.62187 | G82: 28.62187 | H82: 16.786481 | I82: 16.786481 | J82: 9.2434415 | K82: 9.2434415 | L82: 9.2434415
A83: Georgia | B83: GEO | C83: 0.1 | D83: 0.1 | E83: 0.1 | H83: 0.15905317 | I83: 0.15905317 | J83: 0.15905317 | K83: 0.15905317 | L83: 0.15905317
A84: Germany | B84: DEU
A85: Ghana | B85: GHA | C85: 7.810071 | D85: 17.784838 | E85: 17.784838 | F85: 17.784838 | G85: 17.784838 | H85: 13.624397 | I85: 13.624397 | J85: 13.624397 | K85: 13.624397 | L85: 13.624397
A86: Gibraltar | B86: GIB
A87: Greece | B87: GRC
A88: Greenland | B88: GRL
A89: Grenada | B89: GRD
A90: Guadeloupe | B90: GLP
A91: Guam | B91: GUM
A92: Guatemala | B92: GTM | C92: 15.7 | E92: 22.739497 | F92: 22.739497 | G92: 22.739497 | H92: 22.739497 | I92: 22.739497 | J92: 22.739497 | K92: 22.739497 | L92: 22.739497
A93: Guinea | B93: GIN | C93: 44.01888 | D93: 44.01888 | E93: 44.01888 | F93: 33.473951 | G93: 33.473951 | H93: 39.208231 | I93: 39.208231 | J93: 39.208231 | K93: 39.208231 | L93: 39.208231
A94: Guinea-Bissau | B94: GNB | C94: 62.80391 | D94: 64.935577 | E94: 64.935577 | F94: 64.935577 | G94: 64.935577 | H94: 64.935577 | I94: 63.509134 | J94: 63.509134 | K94: 63.509134 | L94: 63.509134
A95: Guyana | B95: GUY | C95: 1.3 | D95: 2.3036087 | E95: 2.3036087 | F95: 2.3036087 | G95: 2.3036087 | H95: 2.3036087 | I95: 2.3036087 | J95: 1.3760744 | K95: 1.3760744 | L95: 1.3760744
A96: Haiti | B96: HTI | C96: 34.144661 | D96: 34.144661 | E96: 34.144661 | F96: 34.144661 | G96: 29.698482 | H96: 29.698482 | I96: 29.698482 | J96: 29.698482 | K96: 29.698482 | L96: 29.698482
A97: Holy See | B97: VAT
A98: Honduras | B98: HND | C98: 18.460836 | D98: 18.460836 | E98: 18.460836 | F98: 18.460836 | G98: 18.460836 | H98: 18.460836 | I98: 22.739497 | J98: 22.739497 | K98: 22.739497 | L98: 22.739497
A99: Hungary | B99: HUN | C99: 0.6
A100: Iceland | B100: ISL
...

Sheet Employment
C1: Distressed Labor Rate
A2: Country Name | B2: ISO | C2: 2013 | D2: 2014 | E2: 2015 | F2: 2016 | G2: 2017 | H2: 2018 | I2: 2019 | J2: 2020 | K2: 2021 | L2: 2022 | M2: 2023
A3: Afghanistan | B3: AFG | C3: 0.58749152 | D3: 0.581377 | E3: 0.57638692 | F3: 0.56867159 | G3: 0.54108457 | H3: 0.48899913 | I3: 0.46478096 | J3: 0.47819857 | K3: 0.47050941 | L3: 0.69823633 | M3: 0.91120363
A4: Albania | B4: ALB | C4: 0.20214795 | D4: 0.23578955 | E4: 0.18742223 | F4: 0.17847607 | G4: 0.15357495 | H4: 0.13433007 | I4: 0.11952947 | J4: 0.13295152 | K4: 0.12970557 | L4: 0.11797685 | M4: 0.1174437
A5: Algeria | B5: DZA | C5: 0.1092736 | D5: 0.11197956 | E5: 0.12105265 | F5: 0.1105352 | G5: 0.12840773 | H5: 0.1295184 | I5: 0.13079411 | J5: 0.14982877 | K5: 0.14519906 | L5: 0.13299662 | M5: 0.12678003
A6: American Samoa | B6: ASM
A7: Andorra | B7: AND
A8: Angola | B8: AGO | C8: 0.46024592 | D8: 0.46203458 | E8: 0.48068577 | F8: 0.50425395 | G8: 0.52672785 | H8: 0.56030682 | I8: 0.57838229 | J8: 0.59920999 | K8: 0.60001901 | L8: 0.5945692 | M8: 0.59890395
A9: Anguilla | B9: AIA
A10: Antigua and Barbuda | B10: ATG
A11: Argentina | B11: ARG | C11: 0.078253932 | D11: 0.080293342 | E11: 0.08299877 | F11: 0.088531221 | G11: 0.091131515 | H11: 0.10149087 | I11: 0.10881468 | J11: 0.1265972 | K11: 0.096251207 | L11: 0.078386979 | M11: 0.072126191
A12: Armenia | B12: ARM | C12: 0.18809108 | D12: 0.17973732 | E12: 0.16719708 | F12: 0.17002538 | G12: 0.16100669 | H12: 0.17298645 | I12: 0.16527955 | J12: 0.14493383 | K12: 0.13721615 | L12: 0.10842102 | M12: 0.10509888
A13: Aruba | B13: ABW
A14: Australia | B14: AUS
A15: Austria | B15: AUT
A16: Azerbaijan | B16: AZE | C16: 0.051596729 | D16: 0.050998273 | E16: 0.051496988 | F16: 0.05189635 | G16: 0.051896266 | H16: 0.050898271 | I16: 0.051896287 | J16: 0.074251498 | K16: 0.062275594 | L16: 0.058330604 | M16: 0.05819199
A17: Bahamas | B17: BHS | C17: 0.16313432 | D17: 0.13951551 | E17: 0.12122851 | F17: 0.1284514 | G17: 0.09946354 | H17: 0.10135042 | I17: 0.10130755 | J17: 0.12915391 | K17: 0.11789168 | L17: 0.0998419 | M17: 0.093126551
A18: Bahrain | B18: BHR | C18: 0.015244531 | D18: 0.01517351 | E18: 0.015182959 | F18: 0.015432268 | G18: 0.015582759 | H18: 0.015300953 | I18: 0.015292618 | J18: 0.020359829 | K18: 0.017434663 | L18: 0.015487127 | M18: 0.013826776
A19: Bangladesh | B19: BGD | C19: 0.52446786 | D19: 0.51056476 | E19: 0.49995435 | F19: 0.48885497 | G19: 0.47439203 | H19: 0.45995948 | I19: 0.44889374 | J19: 0.44479476 | K19: 0.4291976 | L19: 0.39493377 | M19: 0.36919423
A20: Barbados | B20: BRB | C20: 0.18733999 | D20: 0.18750959 | E20: 0.16407927 | F20: 0.15302718 | G20: 0.15392198 | H20: 0.14917831 | I20: 0.14896783 | J20: 0.17030094 | K20: 0.16044015 | L20: 0.14875959 | M20: 0.14145258
A21: Belarus | B21: BLR | C21: 0.06063282 | D21: 0.060244326 | E21: 0.060261952 | F21: 0.059601163 | G21: 0.05783466 | H21: 0.048838662 | I21: 0.042675854 | J21: 0.041695867 | K21: 0.040918046 | L21: 0.037054631 | M21: 0.037052505
A22: Belgium | B22: BEL
A23: Belize | B23: BLZ | C23: 0.37604171 | D23: 0.36958018 | E23: 0.3625216 | F23: 0.3635564 | G23: 0.37164841 | H23: 0.38033597 | I23: 0.374212 | J23: 0.44462403 | K23: 0.39405994 | L23: 0.36408583 | M23: 0.3282807
A24: Benin | B24: BEN | C24: 0.73829248 | D24: 0.72443068 | E24: 0.73874908 | F24: 0.71917307 | G24: 0.64092166 | H24: 0.53533255 | I24: 0.46976619 | J24: 0.46852146 | K24: 0.44800199 | L24: 0.43806314 | M24: 0.42626804
A25: Bermuda | B25: BMU
A26: Bhutan | B26: BTN | C26: 0.13150044 | D26: 0.13671473 | E26: 0.12941647 | F26: 0.13404696 | G26: 0.13408515 | H26: 0.056948035 | I26: 0.077919551 | J26: 0.10160038 | K26: 0.07321361 | L26: 0.092426359 | M26: 0.08899329
A27: Bolivia (Plurinational State of) | B27: BOL | C27: 0.10739177 | D27: 0.1040613 | E27: 0.10720305 | F27: 0.13029763 | G27: 0.12450325 | H27: 0.11224856 | I27: 0.094834774 | J27: 0.13985148 | K27: 0.10694326 | L27: 0.088009322 | M27: 0.081610249
A28: Bonaire, Sint Eustatius and Saba | B28: BES
A29: Bosnia and Herzegovina | B29: BIH | C29: 0.28126095 | D29: 0.28067178 | E29: 0.28194747 | F29: 0.25823564 | G29: 0.20914849 | H29: 0.18730011 | I29: 0.15991206 | J29: 0.16166648 | K29: 0.1517504 | L29: 0.12954023 | M29: 0.10700598
A30: Botswana | B30: BWA | C30: 0.41224045 | D30: 0.41027325 | E30: 0.4501245 | F30: 0.44306536 | G30: 0.4381069 | H30: 0.42948614 | I30: 0.42910398 | J30: 0.46116808 | K30: 0.44734013 | L30: 0.44409176 | M30: 0.43653807
A31: Brazil | B31: BRA | C31: 0.11004144 | D31: 0.1001649 | E31: 0.12279859 | F31: 0.16148244 | G31: 0.17593262 | H31: 0.17115788 | I31: 0.16702596 | J31: 0.18628098 | K31: 0.18156303 | L31: 0.14372381 | M31: 0.12952284
A32: British Virgin Islands | B32: VGB
A33: Brunei Darussalam | B33: BRN
A34: Bulgaria | B34: BGR
A35: Burkina Faso | B35: BFA | C35: 0.72782528 | D35: 0.72110577 | E35: 0.71622602 | F35: 0.68493373 | G35: 0.65433745 | H35: 0.62100648 | I35: 0.60308942 | J35: 0.60591274 | K35: 0.58820732 | L35: 0.59979992 | M35: 0.59352314
A36: Burundi | B36: BDI | C36: 0.86449228 | D36: 0.85724813 | E36: 0.87015641 | F36: 0.87466436 | G36: 0.87796881 | H36: 0.8817707 | I36: 0.88398171 | J36: 0.88872996 | K36: 0.88710651 | L36: 0.88978784 | M36: 0.89029561
A37: Cabo Verde | B37: CPV | C37: 0.25768819 | D37: 0.24978348 | E37: 0.24147127 | F37: 0.23179263 | G37: 0.22020815 | H37: 0.21109694 | I37: 0.19739667 | J37: 0.23897498 | K37: 0.22034629 | L37: 0.18895105 | M37: 0.18140341
A38: Cambodia | B38: KHM | C38: 0.7373489 | D38: 0.69986203 | E38: 0.65936545 | F38: 0.60506218 | G38: 0.59509468 | H38: 0.58678849 | I38: 0.57959665 | J38: 0.54509583 | K38: 0.537094 | L38: 0.53762731 | M38: 0.54177063
A39: Cameroon | B39: CMR | C39: 0.49296381 | D39: 0.44960041 | E39: 0.43897184 | F39: 0.43317782 | G39: 0.43030146 | H39: 0.42570973 | I39: 0.42301988 | J39: 0.4287275 | K39: 0.4267163 | L39: 0.42404982 | M39: 0.42048961
A40: Canada | B40: CAN
A41: Cayman Islands | B41: CYM
A42: Central African Republic | B42: CAF | C42: 0.8915846 | D42: 0.89211134 | E42: 0.885312 | F42: 0.87779679 | G42: 0.87789132 | H42: 0.8706789 | I42: 0.86514897 | J42: 0.87095547 | K42: 0.87224373 | L42: 0.87573026 | M42: 0.87850183
A43: Chad | B43: TCD | C43: 0.59250082 | D43: 0.56365494 | E43: 0.55936622 | F43: 0.60831066 | G43: 0.63993769 | H43: 0.63949131 | I43: 0.63806298 | J43: 0.65830645 | K43: 0.67191692 | L43: 0.67329168 | M43: 0.67386908
A44: Chile | B44: CHL | C44: 0.071116395 | D44: 0.074293534 | E44: 0.071992971 | F44: 0.073917544 | G44: 0.076749094 | H44: 0.08065051 | I44: 0.080200029 | J44: 0.11593449 | K44: 0.097632253 | L44: 0.088014406 | M44: 0.095353263
A45: China | B45: CHN | C45: 0.035537015 | D45: 0.034661719 | E45: 0.034493165 | F45: 0.035524727 | G45: 0.032810029 | H45: 0.029509658 | I45: 0.030463583 | J45: 0.059280684 | K45: 0.05276244 | L45: 0.04439407 | M45: 0.040523604
A46: Hong Kong, China | B46: HKG
A47: Macao, China | B47: MAC | C47: 0.20361651 | D47: 0.17740368 | E47: 0.15241773 | F47: 0.13040037 | G47: 0.1189743 | H47: 0.09695693 | I47: 0.078232234 | J47: 0.071782559 | K47: 0.060527286 | L47: 0.069152865 | M47: 0.064874988
A48: Taiwan, China | B48: TWN | C48: 0.04366182 | D48: 0.041514278 | E48: 0.039705854 | F48: 0.041031349 | G48: 0.039454355 | H48: 0.03905194 | I48: 0.039261597 | J48: 0.040369348 | K48: 0.040376421 | L48: 0.038116713 | M48: 0.03914011
A49: Colombia | B49: COL | C49: 0.18547228 | D49: 0.17270334 | E49: 0.16039124 | F49: 0.16251044 | G49: 0.15723952 | H49: 0.16132799 | I49: 0.17999858 | J49: 0.27222711 | K49: 0.2301725 | L49: 0.18671938 | M49: 0.17650221
A50: Comoros | B50: COM | C50: 0.35879145 | D50: 0.36583722 | E50: 0.36967102 | F50: 0.36679342 | G50: 0.35978888 | H50: 0.3537428 | I50: 0.35431836 | J50: 0.36251264 | K50: 0.36117885 | L50: 0.35997639 | M50: 0.35868026
A51: Congo | B51: COG | C51: 0.65840672 | D51: 0.6419404 | E51: 0.66758789 | F51: 0.71809288 | G51: 0.74238357 | H51: 0.76367935 | I51: 0.77099011 | J51: 0.78102111 | K51: 0.78999906 | L51: 0.78717124 | M51: 0.78819383
A52: Cook Islands | B52: COK
A53: Costa Rica | B53: CRI | C53: 0.099102499 | D53: 0.10354049 | E53: 0.10317584 | F53: 0.095620852 | G53: 0.088445477 | H53: 0.10506273 | I53: 0.12016442 | J53: 0.18932106 | K53: 0.16373482 | L53: 0.12610378 | M53: 0.094938609
A54: Côte d’Ivoire | B54: CIV | C54: 0.65284986 | D54: 0.63125925 | E54: 0.62316603 | F54: 0.54435832 | G54: 0.47066945 | H54: 0.42658822 | I54: 0.38434882 | J54: 0.38658195 | K54: 0.36711168 | L54: 0.35623464 | M54: 0.34428574
A55: Croatia | B55: HRV
A56: Cuba | B56: CUB
A57: Curaçao | B57: CUW
A58: Cyprus | B58: CYP
A59: Czechia | B59: CZE
A60: Korea (the Democratic People's Republic of) | B60: PRK
A61: Congo, Democratic Republic of the | B61: COD | C61: 0.86263843 | D61: 0.84781106 | E61: 0.83998041 | F61: 0.84355011 | G61: 0.84361752 | H61: 0.83719125 | I61: 0.8350577 | J61: 0.83866253 | K61: 0.83135903 | L61: 0.82205087 | M61: 0.81660231
A62: Denmark | B62: DNK
A63: Djibouti | B63: DJI
A64: Dominica | B64: DMA
A65: Dominican Republic | B65: DOM | C65: 0.17089125 | D65: 0.14309277 | E65: 0.13533508 | F65: 0.12588075 | G65: 0.091236577 | H65: 0.083056364 | I65: 0.082388371 | J65: 0.091687803 | K65: 0.10178919 | L65: 0.079963198 | M65: 0.07976715
A66: Ecuador | B66: ECU | C66: 0.11786671 | D66: 0.10396348 | E66: 0.11920487 | F66: 0.13101556 | G66: 0.11970277 | H66: 0.1237809 | I66: 0.1284514 | J66: 0.18444612 | K66: 0.14540473 | L66: 0.12237812 | M66: 0.11772131
A67: Egypt | B67: EGY | C67: 0.23128769 | D67: 0.230177 | E67: 0.22669709 | F67: 0.23811686 | G67: 0.25709892 | H67: 0.2643806 | I67: 0.22879848 | J67: 0.22698897 | K67: 0.20977327 | L67: 0.19831018 | M67: 0.19074703
A68: El Salvador | B68: SLV | C68: 0.139439 | D68: 0.13784914 | E68: 0.11772486 | F68: 0.12592278 | G68: 0.10641183 | H68: 0.09680621 | I68: 0.079784613 | J68: 0.11384932 | K68: 0.097536832 | L68: 0.086562437 | M68: 0.082762794
A69: Equatorial Guinea | B69: GNQ | C69: 0.66288416 | D69: 0.65339154 | E69: 0.65549259 | F69: 0.65326058 | G69: 0.64658256 | H69: 0.63997994 | I69: 0.63748495 | J69: 0.64721917 | K69: 0.64658764 | L69: 0.64099209 | M69: 0.63895001
A70: Eritrea | B70: ERI | C70: 0.65374785 | D70: 0.64265349 | E70: 0.64350703 | F70: 0.639641 | G70: 0.6321947 | H70: 0.62431328 | I70: 0.62019037 | J70: 0.63053019 | K70: 0.62954848 | L70: 0.62388333 | M70: 0.62216921
A71: Estonia | B71: EST
A72: Eswatini | B72: SWZ | C72: 0.62897066 | D72: 0.62872286 | E72: 0.61681131 | F72: 0.61578649 | G72: 0.63367426 | H72: 0.64923416 | I72: 0.66548091 | J72: 0.70808884 | K72: 0.70769585 | L72: 0.73450975 | M72: 0.72895364
A73: Ethiopia | B73: ETH | C73: 0.6875861 | D73: 0.67280521 | E73: 0.65669613 | F73: 0.62326903 | G73: 0.57604679 | H73: 0.53592729 | I73: 0.50414025 | J73: 0.53686577 | K73: 0.51904527 | L73: 0.5005909 | M73: 0.48910551
A74: Falkland Islands (Malvinas) | B74: FLK
A75: Faroe Islands | B75: FRO
A76: Fiji | B76: FJI | C76: 0.081404337 | D76: 0.084108865 | E76: 0.089161327 | F76: 0.098037677 | G76: 0.098864883 | H76: 0.10234129 | I76: 0.11626963 | J76: 0.18629607 | K76: 0.20409016 | L76: 0.16331376 | M76: 0.14606097
A77: Finland | B77: FIN
A78: France | B78: FRA
A79: French Guiana | B79: GUF
A80: French Polynesia | B80: PYF
A81: Gabon | B81: GAB | C81: 0.25942412 | D81: 0.25084696 | E81: 0.2426847 | F81: 0.23733068 | G81: 0.23261519 | H81: 0.23683279 | I81: 0.23329025 | J81: 0.24269191 | K81: 0.2432906 | L81: 0.23539514 | M81: 0.23356318
A82: Gambia | B82: GMB | C82: 0.5247653 | D82: 0.50697263 | E82: 0.45713746 | F82: 0.45583513 | G82: 0.44851237 | H82: 0.43247064 | I82: 0.43030607 | J82: 0.46633904 | K82: 0.46363256 | L82: 0.45622849 | M82: 0.45147719
A83: Georgia | B83: GEO | C83: 0.34641395 | D83: 0.30546421 | E83: 0.28167414 | F83: 0.28273725 | G83: 0.26320436 | H83: 0.24071626 | I83: 0.22290083 | J83: 0.24561444 | K83: 0.22998469 | L83: 0.21445032 | M83: 0.20677077
A84: Germany | B84: DEU
A85: Ghana | B85: GHA | C85: 0.47959004 | D85: 0.47744068 | E85: 0.48989581 | F85: 0.47653335 | G85: 0.44408604 | H85: 0.42336259 | I85: 0.40102061 | J85: 0.40277049 | K85: 0.39145297 | L85: 0.38768528 | M85: 0.38911605
A86: Gibraltar | B86: GIB
A87: Greece | B87: GRC
A88: Greenland | B88: GRL
A89: Grenada | B89: GRD
A90: Guadeloupe | B90: GLP
A91: Guam | B91: GUM
A92: Guatemala | B92: GTM | C92: 0.1789251 | D92: 0.17080304 | E92: 0.1552576 | F92: 0.14912802 | G92: 0.14309291 | H92: 0.13679143 | I92: 0.12339308 | J92: 0.14200126 | K92: 0.11735609 | L92: 0.12136343 | M92: 0.11358309
A93: Guinea | B93: GIN | C93: 0.60134366 | D93: 0.5919593 | E93: 0.58143126 | F93: 0.54476365 | G93: 0.51014486 | H93: 0.48536605 | I93: 0.46450964 | J93: 0.47505499 | K93: 0.46545074 | L93: 0.45566956 | M93: 0.44519148
A94: Guinea-Bissau | B94: GNB | C94: 0.78198852 | D94: 0.71131566 | E94: 0.7379336 | F94: 0.64771767 | G94: 0.57502666 | H94: 0.56525833 | I94: 0.52595044 | J94: 0.5307919 | K94: 0.52385959 | L94: 0.52000272 | M94: 0.51871308
A95: Guyana | B95: GUY | C95: 0.20395254 | D95: 0.20670087 | E95: 0.20991444 | F95: 0.21005634 | G95: 0.20917158 | H95: 0.21064785 | I95: 0.19928605 | J95: 0.18721313 | K95: 0.16980593 | L95: 0.13601196 | M95: 0.1328843
A96: Haiti | B96: HTI | C96: 0.5909438 | D96: 0.59300107 | E96: 0.57573114 | F96: 0.55537965 | G96: 0.5401735 | H96: 0.52907182 | I96: 0.54911195 | J96: 0.57278813 | K96: 0.57519333 | L96: 0.58109434 | M96: 0.58960057
A97: Holy See | B97: VAT
A98: Honduras | B98: HND | C98: 0.28180544 | D98: 0.28657215 | E98: 0.27879916 | F98: 0.27907581 | G98: 0.26505975 | H98: 0.26607035 | I98: 0.25744051 | J98: 0.31690618 | K98: 0.26098455 | L98: 0.25469967 | M98: 0.24130767
A99: Hungary | B99: HUN
A100: Iceland | B100: ISL
...

Sheet Education
C1: Adult Literacy Rate
A2: Country Name | B2: Country Code | C2: 2013 | D2: 2014 | E2: 2015 | F2: 2016 | G2: 2017 | H2: 2018 | I2: 2019 | J2: 2020 | K2: 2021 | L2: 2022
A3: Afghanistan | B3: AFG | C3: 31.448851 | D3: 31.448851 | E3: 31.448851 | F3: 31.448851 | G3: 31.448851 | H3: 31.448851 | I3: 31.448851 | J3: 31.448851 | K3: 37.266041 | L3: 37.266041
A4: Albania | B4: ALB | C4: 97.246971 | D4: 97.246971 | E4: 97.246971 | F4: 97.246971 | G4: 97.246971 | H4: 97.246971 | I4: 97.246971 | J4: 97.246971 | K4: 97.246971 | L4: 98.5
A5: Algeria | B5: DZA | C5: 75.136047 | D5: 75.136047 | E5: 75.136047 | F5: 75.136047 | G5: 75.136047 | H5: 81.407837 | I5: 81.407837 | J5: 81.407837 | K5: 81.407837 | L5: 81.407837
A6: American Samoa | B6: ASM
A7: Andorra | B7: AND
A8: Angola | B8: AGO | D8: 66.030113 | E8: 66.030113 | F8: 66.030113 | G8: 66.030113 | H8: 66.030113 | I8: 66.030113 | J8: 66.030113 | K8: 66.030113 | L8: 72.400002
A9: Anguilla | B9: AIA
A10: Antigua and Barbuda | B10: ATG
A11: Argentina | B11: ARG
A12: Armenia | B12: ARM | C12: 99.744408 | D12: 99.744408 | E12: 99.744408 | F12: 99.744408 | G12: 99.736069 | H12: 99.736069 | I12: 99.736069 | J12: 99.788612 | K12: 99.788612 | L12: 99.788612
A13: Aruba | B13: ABW | C13: 96.822639 | D13: 96.822639 | E13: 96.822639 | F13: 96.822639 | G13: 96.822639 | H13: 96.822639 | I13: 96.822639 | J13: 97.989998 | K13: 97.989998 | L13: 97.989998
A14: Australia | B14: AUS
A15: Austria | B15: AUT
A16: Azerbaijan | B16: AZE | C16: 99.78936 | D16: 99.788986 | E16: 99.788063 | F16: 99.790062 | G16: 99.791229 | H16: 99.791229 | I16: 99.795982 | J16: 99.795982 | K16: 99.795982 | L16: 99.795982
A17: Bahamas | B17: BHS
A18: Bahrain | B18: BHR | C18: 92.300003 | D18: 92.300003 | E18: 92.300003 | F18: 92.300003 | G18: 92.300003 | H18: 92.300003 | I18: 92.300003 | J18: 92.300003 | K18: 92.300003 | L18: 97.872482
A19: Bangladesh | B19: BGD | C19: 61.015541 | D19: 61.0933 | E19: 65.137329 | F19: 72.75872 | G19: 72.892967 | H19: 73.912201 | I19: 74.684464 | J19: 74.908897 | K19: 76.362877 | L19: 76.362877
A20: Barbados | B20: BRB
A21: Belarus | B21: BLR | C21: 99.617058 | D21: 99.617058 | E21: 99.617058 | F21: 99.617058 | G21: 99.617058 | H21: 99.617058 | I21: 99.874001 | J21: 99.874001 | K21: 99.874001 | L21: 99.874001
A22: Belgium | B22: BEL
A23: Belize | B23: BLZ
A24: Benin | B24: BEN | C24: 32.948818 | D24: 32.948818 | E24: 32.948818 | F24: 32.948818 | G24: 32.948818 | H24: 32.948818 | I24: 32.948818 | J24: 32.948818 | K24: 32.948818 | L24: 47.099998
A25: Bermuda | B25: BMU
A26: Bhutan | B26: BTN | C26: 55.317558 | D26: 55.317558 | E26: 55.317558 | F26: 55.317558 | G26: 66.56115 | H26: 66.56115 | I26: 66.56115 | J26: 66.56115 | K26: 66.56115 | L26: 72.099998
A27: Bolivia (Plurinational State of) | B27: BOL | C27: 94.460571 | D27: 94.460571 | E27: 92.455078 | F27: 92.455078 | G27: 92.455078 | H27: 92.455078 | I27: 92.455078 | J27: 93.852562 | K27: 93.852562 | L27: 93.852562
A28: Bonaire, Sint Eustatius and Saba | B28: BES
A29: Bosnia and Herzegovina | B29: BIH | C29: 96.991768 | D29: 96.991768 | E29: 96.991768 | F29: 96.991768 | G29: 96.991768 | H29: 96.991768 | I29: 96.991768 | J29: 96.991768 | K29: 96.991768 | L29: 98.300003
A30: Botswana | B30: BWA | C30: 86.823181 | D30: 86.823181 | E30: 86.823181 | F30: 86.823181 | G30: 86.823181 | H30: 86.823181 | I30: 86.823181 | J30: 86.823181 | K30: 86.823181 | L30: 86.823181
A31: Brazil | B31: BRA | C31: 91.484238 | D31: 91.729431 | E31: 92.047897 | F31: 92.808441 | G31: 93.075821 | H31: 93.227501 | I31: 93.227501 | J31: 93.227501 | K31: 93.227501 | L31: 94.690002
A32: British Virgin Islands | B32: VGB
A33: Brunei Darussalam | B33: BRN | C33: 96.085564 | D33: 96.085564 | E33: 96.085564 | F33: 96.085564 | G33: 96.085564 | H33: 97.214111 | I33: 97.214111 | J33: 97.214111 | K33: 97.589996 | L33: 97.589996
A34: Bulgaria | B34: BGR | C34: 98.352448 | D34: 98.352448 | E34: 98.352448 | F34: 98.352448 | G34: 98.352448 | H34: 98.352448 | I34: 98.352448 | J34: 98.352448 | K34: 98.419998 | L34: 98.419998
A35: Burkina Faso | B35: BFA | C35: 28.293659 | D35: 34.5994 | E35: 34.5994 | F35: 34.5994 | G35: 34.5994 | H35: 39.345852 | I35: 29.66328 | J35: 29.66328 | K35: 29.66328 | L35: 34.490002
A36: Burundi | B36: BDI | C36: 48.084061 | D36: 61.513489 | E36: 61.513489 | F36: 61.513489 | G36: 68.375328 | H36: 68.375328 | I36: 68.375328 | J36: 68.375328 | K36: 68.375328 | L36: 75.540001
A37: Cabo Verde | B37: CPV | C37: 85.327789 | D37: 85.327789 | E37: 86.790291 | F37: 86.790291 | G37: 86.790291 | H37: 86.790291 | I37: 86.790291 | J37: 86.790291 | K37: 86.790291 | L37: 91
A38: Cambodia | B38: KHM | C38: 76.137962 | D38: 78.055092 | E38: 80.526489 | F38: 80.526489 | G38: 80.526489 | H38: 80.526489 | I38: 80.526489 | J38: 80.526489 | K38: 80.526489 | L38: 83.779999
A39: Cameroon | B39: CMR | C39: 71.290512 | D39: 71.290512 | E39: 71.290512 | F39: 71.290512 | G39: 71.290512 | H39: 77.071037 | I39: 77.071037 | J39: 78.230003 | K39: 78.230003 | L39: 78.230003
A40: Canada | B40: CAN
A41: Cayman Islands | B41: CYM | C41: 98.867821 | D41: 98.867821 | E41: 98.867821 | F41: 98.867821 | G41: 98.867821 | H41: 98.867821 | I41: 98.867821 | J41: 98.867821 | K41: 98.867821 | L41: 98.867821
A42: Central African Republic | B42: CAF | C42: 36.752609 | D42: 36.752609 | E42: 36.752609 | F42: 36.752609 | G42: 36.752609 | H42: 37.395821 | I42: 37.395821 | J42: 37.490002 | K42: 37.490002 | L42: 37.490002
A43: Chad | B43: TCD | C43: 28.38143 | D43: 28.38143 | E43: 26.002991 | F43: 22.31155 | G43: 22.31155 | H43: 22.31155 | I43: 22.31155 | J43: 22.31155 | K43: 22.31155 | L43: 27.280001
A44: Chile | B44: CHL | C44: 96.267059 | D44: 96.267059 | E44: 96.87413 | F44: 96.87413 | G44: 96.402283 | H44: 96.402283 | I44: 96.402283 | J44: 96.402283 | K44: 96.402283 | L44: 97.160004
A45: China, Hong Kong SAR | B45: HKG
A46: China, Macao SAR | B46: MAC | C46: 95.640038 | D46: 95.640038 | E46: 95.640038 | F46: 96.53849 | G46: 96.53849 | H46: 96.53849 | I46: 96.53849 | J46: 96.53849 | K46: 97.110001 | L46: 97.110001
A47: China, mainland | B47: CHN | C47: 95.124481 | D47: 95.124481 | E47: 95.124481 | F47: 95.124481 | G47: 95.124481 | H47: 95.124481 | I47: 95.124481 | J47: 96.739517 | K47: 96.739517 | L47: 96.739517
A48: China, Taiwan Province of | B48: TWN
A49: Colombia | B49: COL | C49: 93.580528 | D49: 94.186249 | E49: 94.245049 | F49: 94.653847 | G49: 94.653847 | H49: 95.092506 | I49: 95.249268 | J49: 95.63633 | K49: 95.63633 | L49: 95.63633
A50: Comoros | B50: COM | C50: 49.19614 | D50: 49.19614 | E50: 49.19614 | F50: 49.19614 | G50: 49.19614 | H50: 49.19614 | I50: 49.19614 | J50: 49.19614 | K50: 49.19614 | L50: 61.709999
A51: Congo | B51: COG | C51: 79.311172 | D51: 79.311172 | E51: 79.311172 | F51: 79.311172 | G51: 79.311172 | H51: 79.311172 | I51: 79.311172 | J51: 79.311172 | K51: 80.610001 | L51: 80.610001
A52: Cook Islands | B52: COK
A53: Costa Rica | B53: CRI | C53: 97.406578 | D53: 97.406578 | E53: 97.406578 | F53: 97.406578 | G53: 97.406578 | H53: 97.406578 | I53: 97.406578 | J53: 97.406578 | K53: 98.040001 | L53: 98.040001
A54: Côte d'Ivoire | B54: CIV | C54: 40.981628 | D54: 43.908421 | E54: 43.908421 | F54: 43.908421 | G54: 43.908421 | H54: 43.908421 | I54: 89.893417 | J54: 89.893417 | K54: 89.893417 | L54: 89.893417
A55: Croatia | B55: HRV | K55: 99.449997 | L55: 99.449997
A56: Cuba | B56: CUB | C56: 99.673111 | D56: 99.673111 | E56: 99.673111 | F56: 99.673111 | G56: 99.673111 | H56: 99.673111 | I56: 99.673111 | J56: 99.673111 | K56: 99.673111 | L56: 99.673111
A57: Curaçao | B57: CUW
A58: Cyprus | B58: CYP | C58: 98.678429 | D58: 98.678429 | E58: 98.678429 | F58: 98.678429 | G58: 98.678429 | H58: 98.678429 | I58: 98.678429 | J58: 98.678429 | K58: 99.360001 | L58: 99.360001
A59: Czechia | B59: CZE
A60: Democratic People's Republic of Korea | B60: PRK | C60: 99.998192 | D60: 99.998192 | E60: 99.998192 | F60: 99.998192 | G60: 99.998192 | H60: 99.998192 | I60: 99.998192 | J60: 99.998192 | K60: 99.998192 | L60: 99.998192
A61: Democratic Republic of the Congo | B61: COD | C61: 75.017189 | D61: 75.017189 | E61: 75.017189 | F61: 77.042679 | G61: 77.042679 | H61: 77.042679 | I61: 77.042679 | J61: 77.042679 | K61: 77.042679 | L61: 80.540001
A62: Denmark | B62: DNK
A63: Djibouti | B63: DJI
A64: Dominica | B64: DMA
A65: Dominican Republic | B65: DOM | C65: 90.858147 | D65: 91.763763 | E65: 91.991211 | F65: 93.778458 | G65: 93.778458 | H65: 93.778458 | I65: 93.778458 | J65: 93.778458 | K65: 93.778458 | L65: 95.5
A66: Ecuador | B66: ECU | C66: 93.294632 | D66: 94.222641 | E66: 94.455658 | F66: 94.350227 | G66: 92.829788 | H66: 92.829788 | I66: 92.829788 | J66: 93.626099 | K66: 94.483589 | L66: 93.94812
A67: Egypt | B67: EGY | C67: 72.442497 | D67: 72.442497 | E67: 72.442497 | F67: 72.442497 | G67: 71.168251 | H67: 71.168251 | I67: 71.168251 | J67: 71.168251 | K67: 71.168251 | L67: 74.5
A68: El Salvador | B68: SLV | C68: 86.767578 | D68: 86.767578 | E68: 87.969849 | F68: 88.141769 | G68: 88.482712 | H68: 89.008598 | I68: 89.137917 | J68: 89.984528 | K68: 89.984528 | L68: 89.984528
A69: Equatorial Guinea | B69: GNQ | C69: 94.370537 | D69: 94.370537 | E69: 94.370537 | F69: 94.370537 | G69: 94.370537 | H69: 94.370537 | I69: 94.370537 | J69: 94.370537
A70: Eritrea | B70: ERI | C70: 64.662971 | D70: 64.662971 | E70: 64.662971 | F70: 64.662971 | G70: 64.662971 | H70: 76.570518 | I70: 76.570518 | J70: 76.570518 | K70: 76.570518 | L70: 76.570518
A71: Estonia | B71: EST | C71: 99.885788 | D71: 99.885788 | E71: 99.885788 | F71: 99.885788 | G71: 99.885788 | H71: 99.885788 | I71: 99.885788 | J71: 99.885788 | K71: 99.870003 | L71: 99.870003
A72: Eswatini | B72: SWZ | C72: 83.098289 | D72: 83.098289 | E72: 83.098289 | F72: 83.098289 | G72: 83.098289 | H72: 83.098289 | I72: 83.098289 | J72: 89.279999 | K72: 89.279999 | L72: 89.279999
A73: Ethiopia | B73: ETH | C73: 38.995979 | D73: 38.995979 | E73: 38.995979 | F73: 38.995979 | G73: 51.771179 | H73: 51.771179 | I73: 51.771179 | J73: 51.771179 | K73: 51.771179 | L73: 51.771179
A74: Falkland Islands (Malvinas) | B74: FLK
A75: Faroe Islands | B75: FRO
A76: Fiji | B76: FJI
A77: Finland | B77: FIN
A78: France | B78: FRA
A79: French Guiana | B79: GUF
A80: French Polynesia | B80: PYF
A81: Gabon | B81: GAB | C81: 82.283798 | D81: 82.283798 | E81: 82.283798 | F81: 82.283798 | G81: 82.283798 | H81: 82.283798 | I81: 82.283798 | J81: 82.283798 | K81: 82.283798 | L81: 85.690002
A82: Gambia | B82: GMB | C82: 41.95005 | D82: 41.95005 | E82: 50.777969 | F82: 50.777969 | G82: 50.777969 | H82: 50.777969 | I82: 50.777969 | J82: 50.777969 | K82: 50.777969 | L82: 58.669998
A83: Georgia | B83: GEO | D83: 99.586189 | E83: 99.586189 | F83: 99.586189 | G83: 99.364258 | H83: 99.364258 | I83: 99.364258 | J83: 99.364258 | K83: 99.364258 | L83: 99.574989
A84: Germany | B84: DEU
A85: Ghana | B85: GHA | C85: 71.49707 | D85: 71.49707 | E85: 71.49707 | F85: 71.49707 | G85: 71.49707 | H85: 71.49707 | I85: 71.49707 | J85: 80.379997 | K85: 80.379997 | L85: 80.379997
A86: Gibraltar | B86: GIB
A87: Greece | B87: GRC | C87: 93.905113 | D87: 93.905113 | E87: 93.905113 | F87: 93.905113 | G87: 93.905113 | H87: 93.905113 | I87: 93.905113
A88: Greenland | B88: GRL
A89: Grenada | B89: GRD
A90: Guadeloupe | B90: GLP
A91: Guam | B91: GUM
A92: Guatemala | B92: GTM | C92: 77.038673 | D92: 81.285896 | E92: 81.285896 | F92: 81.285896 | G92: 81.285896 | H92: 80.810677 | I92: 80.810677 | J92: 80.810677 | K92: 80.810677 | L92: 84.269997
A93: Guinea | B93: GIN | C93: 25.307739 | D93: 32.003841 | E93: 32.003841 | F93: 32.003841 | G93: 32.003841 | H93: 39.61768 | I93: 39.61768 | J93: 39.61768 | K93: 45.330002 | L93: 45.330002
A94: Guinea-Bissau | B94: GNB | D94: 45.581161 | E94: 45.581161 | F94: 45.581161 | G94: 45.581161 | H94: 45.581161 | I94: 45.581161 | J94: 45.581161 | K94: 45.581161 | L94: 53.900002
A95: Guyana | B95: GUY | C95: 84.994011 | D95: 85.639732 | E95: 85.639732 | F95: 85.639732 | G95: 85.639732 | H95: 85.639732 | I95: 85.639732 | J95: 85.639732 | K95: 85.639732 | L95: 90.029999
A96: Haiti | B96: HTI | C96: 48.68502 | D96: 48.68502 | E96: 48.68502 | F96: 61.691349 | G96: 61.691349 | H96: 61.691349 | I96: 61.691349 | J96: 61.691349 | K96: 61.691349 | L96: 61.691349
A97: Holy See | B97: VAT
A98: Honduras | B98: HND | C98: 85.464417 | D98: 87.197533 | E98: 87.90683 | F98: 88.98748 | G98: 88.98748 | H98: 87.205238 | I98: 88.507431 | J98: 88.507431 | K98: 88.507431 | L98: 88.507431
A99: Hungary | B99: HUN | K99: 99.099998 | L99: 99.099998
A100: Iceland | B100: ISL
...

Sheet Gender
C1: Gender Index
A2: Country Name | B2: Country ISO | C2: 2013 | D2: 2014 | E2: 2015 | F2: 2016 | G2: 2017 | H2: 2018 | I2: 2020 | J2: 2021 | K2: 2022
A3: Afghanistan | B3: AFG | J3: 0.95 | K3: 0.95
A4: Albania | B4: ALB | C4: 0.93 | D4: 0.94 | E4: 0.95 | F4: 0.95 | G4: 0.97 | H4: 0.96 | I4: 0.96 | J4: 0.96 | K4: 0.96
A5: Algeria | B5: DZA | C5: 0.97 | D5: 0.97 | E5: 0.97 | F5: 0.97 | G5: 0.97 | H5: 0.96 | I5: 0.96 | J5: 0.96 | K5: 0.96
A6: American Samoa | B6: ASM
A7: Andorra | B7: AND
A8: Angola | B8: AGO | C8: 0.98 | D8: 0.98 | E8: 0.98 | F8: 0.98 | G8: 0.98 | H8: 0.98 | I8: 0.98 | J8: 0.98 | K8: 0.98
A9: Anguilla | B9: AIA
A10: Antigua and Barbuda | B10: ATG
A11: Argentina | B11: ARG | C11: 0.98 | D11: 0.98 | E11: 0.98 | F11: 0.98 | G11: 0.98 | H11: 0.98 | I11: 0.98 | J11: 0.98 | K11: 0.98
A12: Armenia | B12: ARM | C12: 0.95 | D12: 0.93 | E12: 0.94 | F12: 0.94 | G12: 0.94 | H12: 0.94 | I12: 0.95 | J12: 0.95 | K12: 0.95
A13: Aruba | B13: ABW
A14: Australia | B14: AUS | C14: 0.97 | D14: 0.97 | E14: 0.97 | F14: 0.97 | G14: 0.97 | H14: 0.97 | I14: 0.97 | J14: 0.97 | K14: 0.97
A15: Austria | B15: AUT | C15: 0.98 | D15: 0.98 | E15: 0.98 | F15: 0.98 | G15: 0.98 | H15: 0.97 | I15: 0.97 | J15: 0.97 | K15: 0.97
A16: Azerbaijan | B16: AZE | C16: 0.93 | D16: 0.94 | E16: 0.95 | F16: 0.95 | G16: 0.94 | H16: 0.94 | I16: 0.94 | J16: 0.94 | K16: 0.94
A17: Bahamas | B17: BHS | C17: 0.98 | D17: 0.98 | E17: 0.98 | F17: 0.98 | G17: 0.98 | H17: 0.98 | I17: 0.98 | J17: 0.98
A18: Bahrain | B18: BHR | C18: 0.96 | D18: 0.96 | E18: 0.96 | F18: 0.96 | G18: 0.96 | H18: 0.96 | I18: 0.96 | J18: 0.96 | K18: 0.96
A19: Bangladesh | B19: BGD | C19: 0.96 | D19: 0.97 | E19: 0.97 | F19: 0.97 | G19: 0.97 | H19: 0.97 | I19: 0.97 | J19: 0.96 | K19: 0.96
A20: Barbados | B20: BRB | C20: 0.98 | D20: 0.98 | E20: 0.98 | F20: 0.98 | G20: 0.97 | H20: 0.98 | I20: 0.98 | J20: 0.97 | K20: 0.97
A21: Belarus | B21: BLR | D21: 0.98 | E21: 0.98 | F21: 0.98 | G21: 0.98 | H21: 0.98 | I21: 0.98 | J21: 0.98 | K21: 0.98
A22: Belgium | B22: BEL | C22: 0.98 | D22: 0.98 | E22: 0.97 | F22: 0.97 | G22: 0.98 | H22: 0.97 | I22: 0.97 | J22: 0.97 | K22: 0.97
A23: Belize | B23: BLZ | C23: 0.98 | D23: 0.98 | E23: 0.98 | F23: 0.98 | G23: 0.98 | H23: 0.98 | I23: 0.98 | J23: 0.98 | K23: 0.98
A24: Benin | B24: BEN | C24: 0.96 | E24: 0.97 | F24: 0.97 | G24: 0.96 | H24: 0.97 | I24: 0.97 | J24: 0.97 | K24: 0.97
A25: Bermuda | B25: BMU
A26: Bhutan | B26: BTN | C26: 0.97 | D26: 0.97 | E26: 0.97 | F26: 0.97 | G26: 0.96 | H26: 0.96 | I26: 0.96 | J26: 0.96 | K26: 0.96
A27: Bolivia (Plurinational State of) | B27: BOL | C27: 0.97 | D27: 0.98 | E27: 0.98 | F27: 0.98 | G27: 0.98 | H27: 0.98 | I27: 0.98 | J27: 0.96 | K27: 0.96
A28: Bonaire, Sint Eustatius and Saba | B28: BES
A29: Bosnia and Herzegovina | B29: BIH | F29: 0.97 | G29: 0.98 | H29: 0.98 | I29: 0.98 | J29: 0.97 | K29: 0.98
A30: Botswana | B30: BWA | C30: 0.95 | D30: 0.97 | E30: 0.97 | F30: 0.97 | G30: 0.98 | H30: 0.98 | I30: 0.98 | J30: 0.98 | K30: 0.98
A31: Brazil | B31: BRA | C31: 0.98 | D31: 0.98 | E31: 0.98 | F31: 0.98 | G31: 0.98 | H31: 0.98 | I31: 0.98 | J31: 0.98 | K31: 0.98
A32: British Virgin Islands | B32: VGB
A33: Brunei Darussalam | B33: BRN | C33: 0.97 | D33: 0.97 | E33: 0.97 | F33: 0.97 | G33: 0.97 | H33: 0.97 | I33: 0.97 | J33: 0.96 | K33: 0.97
A34: Bulgaria | B34: BGR | C34: 0.98 | D34: 0.98 | E34: 0.98 | F34: 0.98 | G34: 0.98 | H34: 0.98 | I34: 0.98 | J34: 0.98 | K34: 0.98
A35: Burkina Faso | B35: BFA | C35: 0.97 | D35: 0.97 | E35: 0.97 | F35: 0.97 | G35: 0.96 | H35: 0.96 | I35: 0.96 | J35: 0.98 | K35: 0.98
A36: Burundi | B36: BDI | C36: 0.97 | D36: 0.98 | E36: 0.97 | F36: 0.97 | G36: 0.98 | H36: 0.98 | I36: 0.98 | J36: 0.98 | K36: 0.98
A37: Cabo Verde | B37: CPV | C37: 0.98 | D37: 0.98 | E37: 0.98 | F37: 0.98 | G37: 0.97 | H37: 0.97 | I37: 0.97 | J37: 0.98 | K37: 0.97
A38: Cambodia | B38: KHM | C38: 0.98 | D38: 0.98 | E38: 0.98 | F38: 0.98 | G38: 0.98 | H38: 0.98 | I38: 0.98 | J38: 0.98 | K38: 0.98
A39: Cameroon | B39: CMR | C39: 0.96 | E39: 0.97 | F39: 0.97 | G39: 0.97 | H39: 0.97 | I39: 0.97 | J39: 0.97 | K39: 0.98
A40: Canada | B40: CAN | C40: 0.98 | D40: 0.97 | E40: 0.97 | F40: 0.97 | G40: 0.97 | H40: 0.97 | I40: 0.97 | J40: 0.97 | K40: 0.97
A41: Cayman Islands | B41: CYM
A42: Central African Republic | B42: CAF
A43: Chad | B43: TCD | C43: 0.96 | D43: 0.97 | E43: 0.97 | F43: 0.97 | G43: 0.97 | H43: 0.97 | I43: 0.97 | J43: 0.97 | K43: 0.97
A44: Chile | B44: CHL | C44: 0.98 | D44: 0.98 | E44: 0.98 | F44: 0.98 | G44: 0.98 | H44: 0.98 | I44: 0.98 | J44: 0.97 | K44: 0.97
A45: China, mainland | B45: CHN | C45: 0.94 | D45: 0.94 | E45: 0.92 | F45: 0.92 | G45: 0.92 | H45: 0.92 | I45: 0.93 | J45: 0.94 | K45: 0.94
A46: China, Hong Kong SAR | B46: HKG
A47: China, Macao SAR | B47: MAC
A48: China, Taiwan Province of | B48: TWN
A49: Colombia | B49: COL | C49: 0.98 | D49: 0.98 | E49: 0.98 | F49: 0.98 | G49: 0.98 | H49: 0.98 | I49: 0.98 | J49: 0.98 | K49: 0.98
A50: Comoros | B50: COM | K50: 0.97
A51: Congo | B51: COG
A52: Cook Islands | B52: COK
A53: Costa Rica | B53: CRI | C53: 0.97 | D53: 0.97 | E53: 0.98 | F53: 0.98 | G53: 0.97 | H53: 0.98 | I53: 0.98 | J53: 0.97 | K53: 0.97
A54: Côte d'Ivoire | B54: CIV | C54: 0.98 | D54: 0.97 | E54: 0.97 | F54: 0.97 | G54: 0.97 | H54: 0.97 | I54: 0.97 | J54: 0.98 | K54: 0.96
A55: Croatia | B55: HRV | C55: 0.98 | D55: 0.98 | E55: 0.98 | F55: 0.98 | G55: 0.98 | H55: 0.98 | I55: 0.98 | J55: 0.98
A56: Cuba | B56: CUB | C56: 0.97 | D56: 0.98 | E56: 0.98 | F56: 0.98 | G56: 0.97 | H56: 0.98 | I56: 0.98 | J56: 0.97
A57: Curaçao | B57: CUW
A58: Cyprus | B58: CYP | C58: 0.97 | D58: 0.97 | E58: 0.97 | F58: 0.97 | G58: 0.97 | H58: 0.97 | I58: 0.97 | J58: 0.96 | K58: 0.98
A59: Czechia | B59: CZE | C59: 0.98 | D59: 0.98 | E59: 0.98 | F59: 0.98 | G59: 0.98 | H59: 0.98 | I59: 0.98 | J59: 0.98 | K59: 0.98
A60: Democratic People's Republic of Korea | B60: PRK
A61: Democratic Republic of the Congo | B61: COD | H61: 0.98 | I61: 0.98 | J61: 0.98 | K61: 0.98
A62: Denmark | B62: DNK | C62: 0.97 | D62: 0.97 | E62: 0.97 | F62: 0.97 | G62: 0.97 | H62: 0.97 | I62: 0.97 | J62: 0.96 | K62: 0.96
A63: Djibouti | B63: DJI
A64: Dominica | B64: DMA
A65: Dominican Republic | B65: DOM | C65: 0.97 | D65: 0.97 | E65: 0.97 | F65: 0.97 | G65: 0.98 | H65: 0.98 | I65: 0.98 | J65: 0.98 | K65: 0.98
A66: Ecuador | B66: ECU | C66: 0.98 | D66: 0.98 | E66: 0.98 | F66: 0.98 | G66: 0.98 | H66: 0.98 | I66: 0.98 | J66: 0.97 | K66: 0.97
A67: Egypt | B67: EGY | C67: 0.98 | D67: 0.98 | E67: 0.97 | F67: 0.97 | G67: 0.97 | H67: 0.97 | I67: 0.97 | J67: 0.97 | K67: 0.97
A68: El Salvador | B68: SLV | C68: 0.98 | D68: 0.98 | E68: 0.98 | F68: 0.98 | G68: 0.98 | H68: 0.98 | I68: 0.98 | J68: 0.98 | K68: 0.98
A69: Equatorial Guinea | B69: GNQ
A70: Eritrea | B70: ERI
A71: Estonia | B71: EST | C71: 0.98 | D71: 0.98 | E71: 0.98 | F71: 0.98 | G71: 0.98 | H71: 0.98 | I71: 0.97 | J71: 0.98 | K71: 0.98
A72: Eswatini | B72: SWZ | D72: 0.98 | E72: 0.96 | F72: 0.96 | G72: 0.98 | I72: 0.98 | J72: 0.98 | K72: 0.98
A73: Ethiopia | B73: ETH | C73: 0.97 | D73: 0.97 | E73: 0.98 | F73: 0.98 | G73: 0.98 | H73: 0.98 | I73: 0.98 | J73: 0.97 | K73: 0.97
A74: Falkland Islands (Malvinas) | B74: FLK
A75: Faroe Islands | B75: FRO
A76: Fiji | B76: FJI | C76: 0.98 | D76: 0.98 | E76: 0.98 | G76: 0.98 | H76: 0.98 | I76: 0.98 | J76: 0.97 | K76: 0.97
A77: Finland | B77: FIN | C77: 0.98 | D77: 0.98 | E77: 0.98 | F77: 0.98 | G77: 0.98 | H77: 0.98 | I77: 0.98 | J77: 0.97 | K77: 0.97
A78: France | B78: FRA | C78: 0.98 | D78: 0.98 | E78: 0.98 | F78: 0.98 | G78: 0.98 | H78: 0.97 | I78: 0.97 | J78: 0.97 | K78: 0.97
A79: French Guiana | B79: GUF
A80: French Polynesia | B80: PYF
A81: Gabon | B81: GAB
A82: Gambia | B82: GMB | E82: 0.97 | F82: 0.97 | G82: 0.97 | H82: 0.97 | I82: 0.97 | J82: 0.97 | K82: 0.97
A83: Georgia | B83: GEO | C83: 0.96 | D83: 0.97 | E83: 0.97 | F83: 0.97 | G83: 0.97 | H83: 0.97 | I83: 0.98 | J83: 0.98 | K83: 0.98
A84: Germany | B84: DEU | C84: 0.98 | D84: 0.97 | E84: 0.98 | F84: 0.98 | G84: 0.98 | H84: 0.97 | I84: 0.97 | J84: 0.97 | K84: 0.97
A85: Ghana | B85: GHA | C85: 0.97 | D85: 0.97 | E85: 0.97 | F85: 0.97 | G85: 0.97 | H85: 0.97 | I85: 0.97 | J85: 0.98 | K85: 0.98
A86: Gibraltar | B86: GIB
A87: Greece | B87: GRC | C87: 0.97 | D87: 0.98 | E87: 0.98 | F87: 0.98 | G87: 0.97 | H87: 0.97 | I87: 0.97 | J87: 0.97 | K87: 0.97
A88: Greenland | B88: GRL
A89: Grenada | B89: GRD
A90: Guadeloupe | B90: GLP
A91: Guam | B91: GUM
A92: Guatemala | B92: GTM | C92: 0.98 | D92: 0.98 | E92: 0.98 | F92: 0.98 | G92: 0.98 | H92: 0.98 | I92: 0.98 | J92: 0.98 | K92: 0.98
A93: Guinea | B93: GIN | D93: 0.97 | E93: 0.97 | F93: 0.97 | G93: 0.96 | H93: 0.96 | I93: 0.96 | J93: 0.97 | K93: 0.97
A94: Guinea-Bissau | B94: GNB
A95: Guyana | B95: GUY | C95: 0.98 | D95: 0.98 | E95: 0.98 | J95: 0.98 | K95: 0.98
A96: Haiti | B96: HTI
A97: Holy See | B97: VAT
A98: Honduras | B98: HND | C98: 0.98 | D98: 0.98 | E98: 0.98 | F98: 0.98 | G98: 0.97 | H98: 0.98 | I98: 0.98 | J98: 0.96 | K98: 0.96
A99: Hungary | B99: HUN | C99: 0.98 | D99: 0.98 | E99: 0.98 | F99: 0.98 | G99: 0.98 | H99: 0.98 | I99: 0.98 | J99: 0.98 | K99: 0.98
A100: Iceland | B100: ISL | C100: 0.97 | D100: 0.97 | E100: 0.97 | F100: 0.97 | G100: 0.97 | H100: 0.97 | I100: 0.97 | J100: 0.96 | K100: 0.96
...

Sheet Religious Freedom
C1: Government Restriction Index
A2: COUNTRY | B2: ISO CODE | C2: GRI 2013 | D2: GRI 2014 | E2: GRI 2015 | F2: GRI 2016 | G2: GRI 2017 | H2: GRI 2018 | I2: GRI 2019 | J2: GRI 2020 | K2: GRI 2021
A3: Afghanistan | B3: AFG | C3: 8 | D3: 6.5 | E3: 5.5 | F3: 6 | G3: 6.5 | H3: 6.5 | I3: 6.3 | J3: 6.8 | K3: 8.2
A4: Albania | B4: ALB | C4: 2.2 | D4: 1 | E4: 2.5 | F4: 1.1 | G4: 1.6 | H4: 2.4 | I4: 1.9 | J4: 1.9 | K4: 1.9
A5: Algeria | B5: DZA | C5: 6.1 | D5: 5.8 | E5: 7.2 | F5: 7.8 | G5: 8 | H5: 8 | I5: 8 | J5: 8.4 | K5: 8.1
A6: Andorra | B6: AND | C6: 1.2 | D6: 0.9 | E6: 2.3 | F6: 2.3 | G6: 2.4 | H6: 2.4 | I6: 2.4 | J6: 2.4 | K6: 2.5
A7: Angola | B7: AGO | C7: 5 | D7: 2.7 | E7: 4.3 | F7: 4.2 | G7: 4.1 | H7: 4.3 | I7: 4.3 | J7: 2.8 | K7: 3.1
A8: Antigua and Barbuda | B8: ATG | C8: 2.3 | D8: 1.9 | E8: 2.4 | F8: 2.7 | G8: 2.2 | H8: 1.3 | I8: 0.8 | J8: 0.8 | K8: 0.8
A9: Argentina | B9: ARG | C9: 2 | D9: 2.5 | E9: 2.6 | F9: 2.6 | G9: 2.7 | H9: 2.3 | I9: 2.1 | J9: 2.2 | K9: 2.7
A10: Armenia | B10: ARM | C10: 5.2 | D10: 4.5 | E10: 3.8 | F10: 3.8 | G10: 3.7 | H10: 4.8 | I10: 3.5 | J10: 3.7 | K10: 3.7
A11: Australia | B11: AUS | C11: 1.4 | D11: 1 | E11: 1.1 | F11: 1.2 | G11: 1.1 | H11: 1.8 | I11: 1.1 | J11: 1.9 | K11: 1.6
A12: Austria | B12: AUT | C12: 3.1 | D12: 3.4 | E12: 4.1 | F12: 3.9 | G12: 4.2 | H12: 4.3 | I12: 4.4 | J12: 4.5 | K12: 4.6
A13: Azerbaijan | B13: AZE | C13: 7.3 | D13: 7.5 | E13: 6.8 | F13: 6.9 | G13: 6.8 | H13: 6.9 | I13: 7 | J13: 7 | K13: 6.7
A14: Bahamas | B14: BHS | C14: 3 | D14: 3.6 | E14: 3.6 | F14: 3 | G14: 3 | H14: 3.1 | I14: 3.4 | J14: 3.4 | K14: 3.4
... A200: Zimbabwe | B200: ZWE | C200: 2.8 | D200: 3.4 | E200: 2.8 | F200: 2.7 | G200: 2.8 | H200: 3 | I200: 3.6 | J200: 2.5 | K200: 2.1
A202: Count | C202: 198 | D202: 198 | E202: 198 | F202: 198 | G202: 198 | H202: 198 | I202: 198 | J202: 198 | K202: 198

Sheet Consolidated
C1: Positive | D1: Negative | E1: Negative | F1: Negative | G1: Positive | H1: Positive | I1: Negative
C2: 2022 | D2: 2021 | E2: 2022 | F2: 2023 | G2: 2022 | H2: 2022 | I2: 2021
A3: Country Name | B3: ISO | C3: Water | D3: Food | E3: Housing | F3: Employment | G3: Education | H3: Gender | I3: Religious Freedom
A4: Afghanistan | B4: AFG | C4: =IF(COUNT(VLOOKUP($B4,Water!$B$2:$L$235,11,FALSE)&"")=1,(VLOOKUP($B4,Water!$B$2:$L$235,11,FALSE)),"") | D4: =IF(COUNT(VLOOKUP($B4,Food!$B$2:$K$236,10,FALSE)&"")=1,VLOOKUP($B4,Food!$B$2:$K$236,10,FALSE),"") | E4: =IF(COUNT(VLOOKUP($B4,Housing!$B$2:$L$236,11,FALSE)&"")=1,VLOOKUP($B4,Housing!$B$2:$L$236,11,FALSE),"") | F4: =IF(COUNT(VLOOKUP($B4,Employment!$B$2:$M$236,12,FALSE)&"")=1,VLOOKUP($B4,Employment!$B$2:$M$236,12,FALSE),"") | G4: =IF(COUNT(VLOOKUP($B4,Education!$B$2:$L$236,11,FALSE)&"")=1,VLOOKUP($B4,Education!$B$2:$L$236,11,FALSE),"") | H4: =IF(COUNT(VLOOKUP($B4,Gender!$B$2:$K$236,10,FALSE)&"")=1,VLOOKUP($B4,Gender!$B$2:$K$236,10,FALSE),"") | I4: =IF(COUNT(VLOOKUP($B4,'Religious Freedom'!$B$2:$K$200,10,FALSE)&"")=1,VLOOKUP($B4,'Religious Freedom'!$B$2:$K$200,10,FALSE),"")
A5: Albania | B5: ALB | C5: =IF(COUNT(VLOOKUP($B5,Water!$B$2:$L$235,11,FALSE)&"")=1,(VLOOKUP($B5,Water!$B$2:$L$235,11,FALSE)),"") | D5: =IF(COUNT(VLOOKUP($B5,Food!$B$2:$K$236,10,FALSE)&"")=1,VLOOKUP($B5,Food!$B$2:$K$236,10,FALSE),"") | E5: =IF(COUNT(VLOOKUP($B5,Housing!$B$2:$L$236,11,FALSE)&"")=1,VLOOKUP($B5,Housing!$B$2:$L$236,11,FALSE),"") | F5: =IF(COUNT(VLOOKUP($B5,Employment!$B$2:$M$236,12,FALSE)&"")=1,VLOOKUP($B5,Employment!$B$2:$M$236,12,FALSE),"") | G5: =IF(COUNT(VLOOKUP($B5,Education!$B$2:$L$236,11,FALSE)&"")=1,VLOOKUP($B5,Education!$B$2:$L$236,11,FALSE),"") | H5: =IF(COUNT(VLOOKUP($B5,Gender!$B$2:$K$236,10,FALSE)&"")=1,VLOOKUP($B5,Gender!$B$2:$K$236,10,FALSE),"") | I5: =IF(COUNT(VLOOKUP($B5,'Religious Freedom'!$B$2:$K$200,10,FALSE)&"")=1,VLOOKUP($B5,'Religious Freedom'!$B$2:$K$200,10,FALSE),"")
A6: Algeria | B6: DZA | C6: =IF(COUNT(VLOOKUP($B6,Water!$B$2:$L$235,11,FALSE)&"")=1,(VLOOKUP($B6,Water!$B$2:$L$235,11,FALSE)),"") | D6: =IF(COUNT(VLOOKUP($B6,Food!$B$2:$K$236,10,FALSE)&"")=1,VLOOKUP($B6,Food!$B$2:$K$236,10,FALSE),"") | E6: =IF(COUNT(VLOOKUP($B6,Housing!$B$2:$L$236,11,FALSE)&"")=1,VLOOKUP($B6,Housing!$B$2:$L$236,11,FALSE),"") | F6: =IF(COUNT(VLOOKUP($B6,Employment!$B$2:$M$236,12,FALSE)&"")=1,VLOOKUP($B6,Employment!$B$2:$M$236,12,FALSE),"") | G6: =IF(COUNT(VLOOKUP($B6,Education!$B$2:$L$236,11,FALSE)&"")=1,VLOOKUP($B6,Education!$B$2:$L$236,11,FALSE),"") | H6: =IF(COUNT(VLOOKUP($B6,Gender!$B$2:$K$236,10,FALSE)&"")=1,VLOOKUP($B6,Gender!$B$2:$K$236,10,FALSE),"") | I6: =IF(COUNT(VLOOKUP($B6,'Religious Freedom'!$B$2:$K$200,10,FALSE)&"")=1,VLOOKUP($B6,'Religious Freedom'!$B$2:$K$200,10,FALSE),"")
A7: American Samoa | B7: ASM | C7: =IF(COUNT(VLOOKUP($B7,Water!$B$2:$L$235,11,FALSE)&"")=1,(VLOOKUP($B7,Water!$B$2:$L$235,11,FALSE)),"") | D7: =IF(COUNT(VLOOKUP($B7,Food!$B$2:$K$236,10,FALSE)&"")=1,VLOOKUP($B7,Food!$B$2:$K$236,10,FALSE),"") | E7: =IF(COUNT(VLOOKUP($B7,Housing!$B$2:$L$236,11,FALSE)&"")=1,VLOOKUP($B7,Housing!$B$2:$L$236,11,FALSE),"") | F7: =IF(COUNT(VLOOKUP($B7,Employment!$B$2:$M$236,12,FALSE)&"")=1,VLOOKUP($B7,Employment!$B$2:$M$236,12,FALSE),"") | G7: =IF(COUNT(VLOOKUP($B7,Education!$B$2:$L$236,11,FALSE)&"")=1,VLOOKUP($B7,Education!$B$2:$L$236,11,FALSE),"") | H7: =IF(COUNT(VLOOKUP($B7,Gender!$B$2:$K$236,10,FALSE)&"")=1,VLOOKUP($B7,Gender!$B$2:$K$236,10,FALSE),"") | I7: =IF(COUNT(VLOOKUP($B7,'Religious Freedom'!$B$2:$K$200,10,FALSE)&"")=1,VLOOKUP($B7,'Religious Freedom'!$B$2:$K$200,10,FALSE),"")
A8: Andorra | B8: AND | C8: =IF(COUNT(VLOOKUP($B8,Water!$B$2:$L$235,11,FALSE)&"")=1,(VLOOKUP($B8,Water!$B$2:$L$235,11,FALSE)),"") | D8: =IF(COUNT(VLOOKUP($B8,Food!$B$2:$K$236,10,FALSE)&"")=1,VLOOKUP($B8,Food!$B$2:$K$236,10,FALSE),"") | E8: =IF(COUNT(VLOOKUP($B8,Housing!$B$2:$L$236,11,FALSE)&"")=1,VLOOKUP($B8,Housing!$B$2:$L$236,11,FALSE),"") | F8: =IF(COUNT(VLOOKUP($B8,Employment!$B$2:$M$236,12,FALSE)&"")=1,VLOOKUP($B8,Employment!$B$2:$M$236,12,FALSE),"") | G8: =IF(COUNT(VLOOKUP($B8,Education!$B$2:$L$236,11,FALSE)&"")=1,VLOOKUP($B8,Education!$B$2:$L$236,11,FALSE),"") | H8: =IF(COUNT(VLOOKUP($B8,Gender!$B$2:$K$236,10,FALSE)&"")=1,VLOOKUP($B8,Gender!$B$2:$K$236,10,FALSE),"") | I8: =IF(COUNT(VLOOKUP($B8,'Religious Freedom'!$B$2:$K$200,10,FALSE)&"")=1,VLOOKUP($B8,'Religious Freedom'!$B$2:$K$200,10,FALSE),"")
A9: Angola | B9: AGO | C9: =IF(COUNT(VLOOKUP($B9,Water!$B$2:$L$235,11,FALSE)&"")=1,(VLOOKUP($B9,Water!$B$2:$L$235,11,FALSE)),"") | D9: =IF(COUNT(VLOOKUP($B9,Food!$B$2:$K$236,10,FALSE)&"")=1,VLOOKUP($B9,Food!$B$2:$K$236,10,FALSE),"") | E9: =IF(COUNT(VLOOKUP($B9,Housing!$B$2:$L$236,11,FALSE)&"")=1,VLOOKUP($B9,Housing!$B$2:$L$236,11,FALSE),"") | F9: =IF(COUNT(VLOOKUP($B9,Employment!$B$2:$M$236,12,FALSE)&"")=1,VLOOKUP($B9,Employment!$B$2:$M$236,12,FALSE),"") | G9: =IF(COUNT(VLOOKUP($B9,Education!$B$2:$L$236,11,FALSE)&"")=1,VLOOKUP($B9,Education!$B$2:$L$236,11,FALSE),"") | H9: =IF(COUNT(VLOOKUP($B9,Gender!$B$2:$K$236,10,FALSE)&"")=1,VLOOKUP($B9,Gender!$B$2:$K$236,10,FALSE),"") | I9: =IF(COUNT(VLOOKUP($B9,'Religious Freedom'!$B$2:$K$200,10,FALSE)&"")=1,VLOOKUP($B9,'Religious Freedom'!$B$2:$K$200,10,FALSE),"")
A10: Anguilla | B10: AIA | C10: =IF(COUNT(VLOOKUP($B10,Water!$B$2:$L$235,11,FALSE)&"")=1,(VLOOKUP($B10,Water!$B$2:$L$235,11,FALSE)),"") | D10: =IF(COUNT(VLOOKUP($B10,Food!$B$2:$K$236,10,FALSE)&"")=1,VLOOKUP($B10,Food!$B$2:$K$236,10,FALSE),"") | E10: =IF(COUNT(VLOOKUP($B10,Housing!$B$2:$L$236,11,FALSE)&"")=1,VLOOKUP($B10,Housing!$B$2:$L$236,11,FALSE),"") | F10: =IF(COUNT(VLOOKUP($B10,Employment!$B$2:$M$236,12,FALSE)&"")=1,VLOOKUP($B10,Employment!$B$2:$M$236,12,FALSE),"") | G10: =IF(COUNT(VLOOKUP($B10,Education!$B$2:$L$236,11,FALSE)&"")=1,VLOOKUP($B10,Education!$B$2:$L$236,11,FALSE),"") | H10: =IF(COUNT(VLOOKUP($B10,Gender!$B$2:$K$236,10,FALSE)&"")=1,VLOOKUP($B10,Gender!$B$2:$K$236,10,FALSE),"") | I10: =IF(COUNT(VLOOKUP($B10,'Religious Freedom'!$B$2:$K$200,10,FALSE)&"")=1,VLOOKUP($B10,'Religious Freedom'!$B$2:$K$200,10,FALSE),"")
A11: Antigua and Barbuda | B11: ATG | C11: =IF(COUNT(VLOOKUP($B11,Water!$B$2:$L$235,11,FALSE)&"")=1,(VLOOKUP($B11,Water!$B$2:$L$235,11,FALSE)),"") | D11: =IF(COUNT(VLOOKUP($B11,Food!$B$2:$K$236,10,FALSE)&"")=1,VLOOKUP($B11,Food!$B$2:$K$236,10,FALSE),"") | E11: =IF(COUNT(VLOOKUP($B11,Housing!$B$2:$L$236,11,FALSE)&"")=1,VLOOKUP($B11,Housing!$B$2:$L$236,11,FALSE),"") | F11: =IF(COUNT(VLOOKUP($B11,Employment!$B$2:$M$236,12,FALSE)&"")=1,VLOOKUP($B11,Employment!$B$2:$M$236,12,FALSE),"") | G11: =IF(COUNT(VLOOKUP($B11,Education!$B$2:$L$236,11,FALSE)&"")=1,VLOOKUP($B11,Education!$B$2:$L$236,11,FALSE),"") | H11: =IF(COUNT(VLOOKUP($B11,Gender!$B$2:$K$236,10,FALSE)&"")=1,VLOOKUP($B11,Gender!$B$2:$K$236,10,FALSE),"") | I11: =IF(COUNT(VLOOKUP($B11,'Religious Freedom'!$B$2:$K$200,10,FALSE)&"")=1,VLOOKUP($B11,'Religious Freedom'!$B$2:$K$200,10,FALSE),"")
A12: Argentina | B12: ARG | C12: =IF(COUNT(VLOOKUP($B12,Water!$B$2:$L$235,11,FALSE)&"")=1,(VLOOKUP($B12,Water!$B$2:$L$235,11,FALSE)),"") | D12: =IF(COUNT(VLOOKUP($B12,Food!$B$2:$K$236,10,FALSE)&"")=1,VLOOKUP($B12,Food!$B$2:$K$236,10,FALSE),"") | E12: =IF(COUNT(VLOOKUP($B12,Housing!$B$2:$L$236,11,FALSE)&"")=1,VLOOKUP($B12,Housing!$B$2:$L$236,11,FALSE),"") | F12: =IF(COUNT(VLOOKUP($B12,Employment!$B$2:$M$236,12,FALSE)&"")=1,VLOOKUP($B12,Employment!$B$2:$M$236,12,FALSE),"") | G12: =IF(COUNT(VLOOKUP($B12,Education!$B$2:$L$236,11,FALSE)&"")=1,VLOOKUP($B12,Education!$B$2:$L$236,11,FALSE),"") | H12: =IF(COUNT(VLOOKUP($B12,Gender!$B$2:$K$236,10,FALSE)&"")=1,VLOOKUP($B12,Gender!$B$2:$K$236,10,FALSE),"") | I12: =IF(COUNT(VLOOKUP($B12,'Religious Freedom'!$B$2:$K$200,10,FALSE)&"")=1,VLOOKUP($B12,'Religious Freedom'!$B$2:$K$200,10,FALSE),"")
A13: Armenia | B13: ARM | C13: =IF(COUNT(VLOOKUP($B13,Water!$B$2:$L$235,11,FALSE)&"")=1,(VLOOKUP($B13,Water!$B$2:$L$235,11,FALSE)),"") | D13: =IF(COUNT(VLOOKUP($B13,Food!$B$2:$K$236,10,FALSE)&"")=1,VLOOKUP($B13,Food!$B$2:$K$236,10,FALSE),"") | E13: =IF(COUNT(VLOOKUP($B13,Housing!$B$2:$L$236,11,FALSE)&"")=1,VLOOKUP($B13,Housing!$B$2:$L$236,11,FALSE),"") | F13: =IF(COUNT(VLOOKUP($B13,Employment!$B$2:$M$236,12,FALSE)&"")=1,VLOOKUP($B13,Employment!$B$2:$M$236,12,FALSE),"") | G13: =IF(COUNT(VLOOKUP($B13,Education!$B$2:$L$236,11,FALSE)&"")=1,VLOOKUP($B13,Education!$B$2:$L$236,11,FALSE),"") | H13: =IF(COUNT(VLOOKUP($B13,Gender!$B$2:$K$236,10,FALSE)&"")=1,VLOOKUP($B13,Gender!$B$2:$K$236,10,FALSE),"") | I13: =IF(COUNT(VLOOKUP($B13,'Religious Freedom'!$B$2:$K$200,10,FALSE)&"")=1,VLOOKUP($B13,'Religious Freedom'!$B$2:$K$200,10,FALSE),"")
A14: Aruba | B14: ABW | C14: =IF(COUNT(VLOOKUP($B14,Water!$B$2:$L$235,11,FALSE)&"")=1,(VLOOKUP($B14,Water!$B$2:$L$235,11,FALSE)),"") | D14: =IF(COUNT(VLOOKUP($B14,Food!$B$2:$K$236,10,FALSE)&"")=1,VLOOKUP($B14,Food!$B$2:$K$236,10,FALSE),"") | E14: =IF(COUNT(VLOOKUP($B14,Housing!$B$2:$L$236,11,FALSE)&"")=1,VLOOKUP($B14,Housing!$B$2:$L$236,11,FALSE),"") | F14: =IF(COUNT(VLOOKUP($B14,Employment!$B$2:$M$236,12,FALSE)&"")=1,VLOOKUP($B14,Employment!$B$2:$M$236,12,FALSE),"") | G14: =IF(COUNT(VLOOKUP($B14,Education!$B$2:$L$236,11,FALSE)&"")=1,VLOOKUP($B14,Education!$B$2:$L$236,11,FALSE),"") | H14: =IF(COUNT(VLOOKUP($B14,Gender!$B$2:$K$236,10,FALSE)&"")=1,VLOOKUP($B14,Gender!$B$2:$K$236,10,FALSE),"") | I14: =IF(COUNT(VLOOKUP($B14,'Religious Freedom'!$B$2:$K$200,10,FALSE)&"")=1,VLOOKUP($B14,'Religious Freedom'!$B$2:$K$200,10,FALSE),"")
A15: Australia | B15: AUS | C15: =IF(COUNT(VLOOKUP($B15,Water!$B$2:$L$235,11,FALSE)&"")=1,(VLOOKUP($B15,Water!$B$2:$L$235,11,FALSE)),"") | D15: =IF(COUNT(VLOOKUP($B15,Food!$B$2:$K$236,10,FALSE)&"")=1,VLOOKUP($B15,Food!$B$2:$K$236,10,FALSE),"") | E15: =IF(COUNT(VLOOKUP($B15,Housing!$B$2:$L$236,11,FALSE)&"")=1,VLOOKUP($B15,Housing!$B$2:$L$236,11,FALSE),"") | F15: =IF(COUNT(VLOOKUP($B15,Employment!$B$2:$M$236,12,FALSE)&"")=1,VLOOKUP($B15,Employment!$B$2:$M$236,12,FALSE),"") | G15: =IF(COUNT(VLOOKUP($B15,Education!$B$2:$L$236,11,FALSE)&"")=1,VLOOKUP($B15,Education!$B$2:$L$236,11,FALSE),"") | H15: =IF(COUNT(VLOOKUP($B15,Gender!$B$2:$K$236,10,FALSE)&"")=1,VLOOKUP($B15,Gender!$B$2:$K$236,10,FALSE),"") | I15: =IF(COUNT(VLOOKUP($B15,'Religious Freedom'!$B$2:$K$200,10,FALSE)&"")=1,VLOOKUP($B15,'Religious Freedom'!$B$2:$K$200,10,FALSE),"")
... A117: Kyrgyzstan | B117: KGZ | C117: =IF(COUNT(VLOOKUP($B117,Water!$B$2:$L$235,11,FALSE)&"")=1,(VLOOKUP($B117,Water!$B$2:$L$235,11,FALSE)),"") | D117: =IF(COUNT(VLOOKUP($B117,Food!$B$2:$K$236,10,FALSE)&"")=1,VLOOKUP($B117,Food!$B$2:$K$236,10,FALSE),"") | E117: =IF(COUNT(VLOOKUP($B117,Housing!$B$2:$L$236,11,FALSE)&"")=1,VLOOKUP($B117,Housing!$B$2:$L$236,11,FALSE),"") | F117: =IF(COUNT(VLOOKUP($B117,Employment!$B$2:$M$236,12,FALSE)&"")=1,VLOOKUP($B117,Employment!$B$2:$M$236,12,FALSE),"") | G117: =IF(COUNT(VLOOKUP($B117,Education!$B$2:$L$236,11,FALSE)&"")=1,VLOOKUP($B117,Education!$B$2:$L$236,11,FALSE),"") | H117: =IF(COUNT(VLOOKUP($B117,Gender!$B$2:$K$236,10,FALSE)&"")=1,VLOOKUP($B117,Gender!$B$2:$K$236,10,FALSE),"") | I117: =IF(COUNT(VLOOKUP($B117,'Religious Freedom'!$B$2:$K$200,10,FALSE)&"")=1,VLOOKUP($B117,'Religious Freedom'!$B$2:$K$200,10,FALSE),"")
A118: Kosovo | B118: XKX | I118: =IF(COUNT(VLOOKUP($B118,'Religious Freedom'!$B$2:$K$200,10,FALSE)&"")=1,VLOOKUP($B118,'Religious Freedom'!$B$2:$K$200,10,FALSE),"")
A119: Lao People's Democratic Republic | B119: LAO | C119: =IF(COUNT(VLOOKUP($B119,Water!$B$2:$L$235,11,FALSE)&"")=1,(VLOOKUP($B119,Water!$B$2:$L$235,11,FALSE)),"") | D119: =IF(COUNT(VLOOKUP($B119,Food!$B$2:$K$236,10,FALSE)&"")=1,VLOOKUP($B119,Food!$B$2:$K$236,10,FALSE),"") | E119: =IF(COUNT(VLOOKUP($B119,Housing!$B$2:$L$236,11,FALSE)&"")=1,VLOOKUP($B119,Housing!$B$2:$L$236,11,FALSE),"") | F119: =IF(COUNT(VLOOKUP($B119,Employment!$B$2:$M$236,12,FALSE)&"")=1,VLOOKUP($B119,Employment!$B$2:$M$236,12,FALSE),"") | G119: =IF(COUNT(VLOOKUP($B119,Education!$B$2:$L$236,11,FALSE)&"")=1,VLOOKUP($B119,Education!$B$2:$L$236,11,FALSE),"") | H119: =IF(COUNT(VLOOKUP($B119,Gender!$B$2:$K$236,10,FALSE)&"")=1,VLOOKUP($B119,Gender!$B$2:$K$236,10,FALSE),"") | I119: =IF(COUNT(VLOOKUP($B119,'Religious Freedom'!$B$2:$K$200,10,FALSE)&"")=1,VLOOKUP($B119,'Religious Freedom'!$B$2:$K$200,10,FALSE),"")
A120: Latvia | B120: LVA | C120: =IF(COUNT(VLOOKUP($B120,Water!$B$2:$L$235,11,FALSE)&"")=1,(VLOOKUP($B120,Water!$B$2:$L$235,11,FALSE)),"") | D120: =IF(COUNT(VLOOKUP($B120,Food!$B$2:$K$236,10,FALSE)&"")=1,VLOOKUP($B120,Food!$B$2:$K$236,10,FALSE),"") | E120: =IF(COUNT(VLOOKUP($B120,Housing!$B$2:$L$236,11,FALSE)&"")=1,VLOOKUP($B120,Housing!$B$2:$L$236,11,FALSE),"") | F120: =IF(COUNT(VLOOKUP($B120,Employment!$B$2:$M$236,12,FALSE)&"")=1,VLOOKUP($B120,Employment!$B$2:$M$236,12,FALSE),"") | G120: =IF(COUNT(VLOOKUP($B120,Education!$B$2:$L$236,11,FALSE)&"")=1,VLOOKUP($B120,Education!$B$2:$L$236,11,FALSE),"") | H120: =IF(COUNT(VLOOKUP($B120,Gender!$B$2:$K$236,10,FALSE)&"")=1,VLOOKUP($B120,Gender!$B$2:$K$236,10,FALSE),"") | I120: =IF(COUNT(VLOOKUP($B120,'Religious Freedom'!$B$2:$K$200,10,FALSE)&"")=1,VLOOKUP($B120,'Religious Freedom'!$B$2:$K$200,10,FALSE),"")
A121: Lebanon | B121: LBN | C121: =IF(COUNT(VLOOKUP($B121,Water!$B$2:$L$235,11,FALSE)&"")=1,(VLOOKUP($B121,Water!$B$2:$L$235,11,FALSE)),"") | D121: =IF(COUNT(VLOOKUP($B121,Food!$B$2:$K$236,10,FALSE)&"")=1,VLOOKUP($B121,Food!$B$2:$K$236,10,FALSE),"") | E121: =IF(COUNT(VLOOKUP($B121,Housing!$B$2:$L$236,11,FALSE)&"")=1,VLOOKUP($B121,Housing!$B$2:$L$236,11,FALSE),"") | F121: =IF(COUNT(VLOOKUP($B121,Employment!$B$2:$M$236,12,FALSE)&"")=1,VLOOKUP($B121,Employment!$B$2:$M$236,12,FALSE),"") | G121: =IF(COUNT(VLOOKUP($B121,Education!$B$2:$L$236,11,FALSE)&"")=1,VLOOKUP($B121,Education!$B$2:$L$236,11,FALSE),"") | H121: =IF(COUNT(VLOOKUP($B121,Gender!$B$2:$K$236,10,FALSE)&"")=1,VLOOKUP($B121,Gender!$B$2:$K$236,10,FALSE),"") | I121: =IF(COUNT(VLOOKUP($B121,'Religious Freedom'!$B$2:$K$200,10,FALSE)&"")=1,VLOOKUP($B121,'Religious Freedom'!$B$2:$K$200,10,FALSE),"")
A122: Lesotho | B122: LSO | C122: =IF(COUNT(VLOOKUP($B122,Water!$B$2:$L$235,11,FALSE)&"")=1,(VLOOKUP($B122,Water!$B$2:$L$235,11,FALSE)),"") | D122: =IF(COUNT(VLOOKUP($B122,Food!$B$2:$K$236,10,FALSE)&"")=1,VLOOKUP($B122,Food!$B$2:$K$236,10,FALSE),"") | E122: =IF(COUNT(VLOOKUP($B122,Housing!$B$2:$L$236,11,FALSE)&"")=1,VLOOKUP($B122,Housing!$B$2:$L$236,11,FALSE),"") | F122: =IF(COUNT(VLOOKUP($B122,Employment!$B$2:$M$236,12,FALSE)&"")=1,VLOOKUP($B122,Employment!$B$2:$M$236,12,FALSE),"") | G122: =IF(COUNT(VLOOKUP($B122,Education!$B$2:$L$236,11,FALSE)&"")=1,VLOOKUP($B122,Education!$B$2:$L$236,11,FALSE),"") | H122: =IF(COUNT(VLOOKUP($B122,Gender!$B$2:$K$236,10,FALSE)&"")=1,VLOOKUP($B122,Gender!$B$2:$K$236,10,FALSE),"") | I122: =IF(COUNT(VLOOKUP($B122,'Religious Freedom'!$B$2:$K$200,10,FALSE)&"")=1,VLOOKUP($B122,'Religious Freedom'!$B$2:$K$200,10,FALSE),"")
A123: Liberia | B123: LBR | C123: =IF(COUNT(VLOOKUP($B123,Water!$B$2:$L$235,11,FALSE)&"")=1,(VLOOKUP($B123,Water!$B$2:$L$235,11,FALSE)),"") | D123: =IF(COUNT(VLOOKUP($B123,Food!$B$2:$K$236,10,FALSE)&"")=1,VLOOKUP($B123,Food!$B$2:$K$236,10,FALSE),"") | E123: =IF(COUNT(VLOOKUP($B123,Housing!$B$2:$L$236,11,FALSE)&"")=1,VLOOKUP($B123,Housing!$B$2:$L$236,11,FALSE),"") | F123: =IF(COUNT(VLOOKUP($B123,Employment!$B$2:$M$236,12,FALSE)&"")=1,VLOOKUP($B123,Employment!$B$2:$M$236,12,FALSE),"") | G123: =IF(COUNT(VLOOKUP($B123,Education!$B$2:$L$236,11,FALSE)&"")=1,VLOOKUP($B123,Education!$B$2:$L$236,11,FALSE),"") | H123: =IF(COUNT(VLOOKUP($B123,Gender!$B$2:$K$236,10,FALSE)&"")=1,VLOOKUP($B123,Gender!$B$2:$K$236,10,FALSE),"") | I123: =IF(COUNT(VLOOKUP($B123,'Religious Freedom'!$B$2:$K$200,10,FALSE)&"")=1,VLOOKUP($B123,'Religious Freedom'!$B$2:$K$200,10,FALSE),"")
A124: Libya | B124: LBY | C124: =IF(COUNT(VLOOKUP($B124,Water!$B$2:$L$235,11,FALSE)&"")=1,(VLOOKUP($B124,Water!$B$2:$L$235,11,FALSE)),"") | D124: =IF(COUNT(VLOOKUP($B124,Food!$B$2:$K$236,10,FALSE)&"")=1,VLOOKUP($B124,Food!$B$2:$K$236,10,FALSE),"") | E124: =IF(COUNT(VLOOKUP($B124,Housing!$B$2:$L$236,11,FALSE)&"")=1,VLOOKUP($B124,Housing!$B$2:$L$236,11,FALSE),"") | F124: =IF(COUNT(VLOOKUP($B124,Employment!$B$2:$M$236,12,FALSE)&"")=1,VLOOKUP($B124,Employment!$B$2:$M$236,12,FALSE),"") | G124: =IF(COUNT(VLOOKUP($B124,Education!$B$2:$L$236,11,FALSE)&"")=1,VLOOKUP($B124,Education!$B$2:$L$236,11,FALSE),"") | H124: =IF(COUNT(VLOOKUP($B124,Gender!$B$2:$K$236,10,FALSE)&"")=1,VLOOKUP($B124,Gender!$B$2:$K$236,10,FALSE),"") | I124: =IF(COUNT(VLOOKUP($B124,'Religious Freedom'!$B$2:$K$200,10,FALSE)&"")=1,VLOOKUP($B124,'Religious Freedom'!$B$2:$K$200,10,FALSE),"")
A125: Liechtenstein | B125: LIE | C125: =IF(COUNT(VLOOKUP($B125,Water!$B$2:$L$235,11,FALSE)&"")=1,(VLOOKUP($B125,Water!$B$2:$L$235,11,FALSE)),"") | D125: =IF(COUNT(VLOOKUP($B125,Food!$B$2:$K$236,10,FALSE)&"")=1,VLOOKUP($B125,Food!$B$2:$K$236,10,FALSE),"") | E125: =IF(COUNT(VLOOKUP($B125,Housing!$B$2:$L$236,11,FALSE)&"")=1,VLOOKUP($B125,Housing!$B$2:$L$236,11,FALSE),"") | F125: =IF(COUNT(VLOOKUP($B125,Employment!$B$2:$M$236,12,FALSE)&"")=1,VLOOKUP($B125,Employment!$B$2:$M$236,12,FALSE),"") | G125: =IF(COUNT(VLOOKUP($B125,Education!$B$2:$L$236,11,FALSE)&"")=1,VLOOKUP($B125,Education!$B$2:$L$236,11,FALSE),"") | H125: =IF(COUNT(VLOOKUP($B125,Gender!$B$2:$K$236,10,FALSE)&"")=1,VLOOKUP($B125,Gender!$B$2:$K$236,10,FALSE),"") | I125: =IF(COUNT(VLOOKUP($B125,'Religious Freedom'!$B$2:$K$200,10,FALSE)&"")=1,VLOOKUP($B125,'Religious Freedom'!$B$2:$K$200,10,FALSE),"")
A126: Lithuania | B126: LTU | C126: =IF(COUNT(VLOOKUP($B126,Water!$B$2:$L$235,11,FALSE)&"")=1,(VLOOKUP($B126,Water!$B$2:$L$235,11,FALSE)),"") | D126: =IF(COUNT(VLOOKUP($B126,Food!$B$2:$K$236,10,FALSE)&"")=1,VLOOKUP($B126,Food!$B$2:$K$236,10,FALSE),"") | E126: =IF(COUNT(VLOOKUP($B126,Housing!$B$2:$L$236,11,FALSE)&"")=1,VLOOKUP($B126,Housing!$B$2:$L$236,11,FALSE),"") | F126: =IF(COUNT(VLOOKUP($B126,Employment!$B$2:$M$236,12,FALSE)&"")=1,VLOOKUP($B126,Employment!$B$2:$M$236,12,FALSE),"") | G126: =IF(COUNT(VLOOKUP($B126,Education!$B$2:$L$236,11,FALSE)&"")=1,VLOOKUP($B126,Education!$B$2:$L$236,11,FALSE),"") | H126: =IF(COUNT(VLOOKUP($B126,Gender!$B$2:$K$236,10,FALSE)&"")=1,VLOOKUP($B126,Gender!$B$2:$K$236,10,FALSE),"") | I126: =IF(COUNT(VLOOKUP($B126,'Religious Freedom'!$B$2:$K$200,10,FALSE)&"")=1,VLOOKUP($B126,'Religious Freedom'!$B$2:$K$200,10,FALSE),"")
A127: Luxembourg | B127: LUX | C127: =IF(COUNT(VLOOKUP($B127,Water!$B$2:$L$235,11,FALSE)&"")=1,(VLOOKUP($B127,Water!$B$2:$L$235,11,FALSE)),"") | D127: =IF(COUNT(VLOOKUP($B127,Food!$B$2:$K$236,10,FALSE)&"")=1,VLOOKUP($B127,Food!$B$2:$K$236,10,FALSE),"") | E127: =IF(COUNT(VLOOKUP($B127,Housing!$B$2:$L$236,11,FALSE)&"")=1,VLOOKUP($B127,Housing!$B$2:$L$236,11,FALSE),"") | F127: =IF(COUNT(VLOOKUP($B127,Employment!$B$2:$M$236,12,FALSE)&"")=1,VLOOKUP($B127,Employment!$B$2:$M$236,12,FALSE),"") | G127: =IF(COUNT(VLOOKUP($B127,Education!$B$2:$L$236,11,FALSE)&"")=1,VLOOKUP($B127,Education!$B$2:$L$236,11,FALSE),"") | H127: =IF(COUNT(VLOOKUP($B127,Gender!$B$2:$K$236,10,FALSE)&"")=1,VLOOKUP($B127,Gender!$B$2:$K$236,10,FALSE),"") | I127: =IF(COUNT(VLOOKUP($B127,'Religious Freedom'!$B$2:$K$200,10,FALSE)&"")=1,VLOOKUP($B127,'Religious Freedom'!$B$2:$K$200,10,FALSE),"")
A128: Madagascar | B128: MDG | C128: =IF(COUNT(VLOOKUP($B128,Water!$B$2:$L$235,11,FALSE)&"")=1,(VLOOKUP($B128,Water!$B$2:$L$235,11,FALSE)),"") | D128: =IF(COUNT(VLOOKUP($B128,Food!$B$2:$K$236,10,FALSE)&"")=1,VLOOKUP($B128,Food!$B$2:$K$236,10,FALSE),"") | E128: =IF(COUNT(VLOOKUP($B128,Housing!$B$2:$L$236,11,FALSE)&"")=1,VLOOKUP($B128,Housing!$B$2:$L$236,11,FALSE),"") | F128: =IF(COUNT(VLOOKUP($B128,Employment!$B$2:$M$236,12,FALSE)&"")=1,VLOOKUP($B128,Employment!$B$2:$M$236,12,FALSE),"") | G128: =IF(COUNT(VLOOKUP($B128,Education!$B$2:$L$236,11,FALSE)&"")=1,VLOOKUP($B128,Education!$B$2:$L$236,11,FALSE),"") | H128: =IF(COUNT(VLOOKUP($B128,Gender!$B$2:$K$236,10,FALSE)&"")=1,VLOOKUP($B128,Gender!$B$2:$K$236,10,FALSE),"") | I128: =IF(COUNT(VLOOKUP($B128,'Religious Freedom'!$B$2:$K$200,10,FALSE)&"")=1,VLOOKUP($B128,'Religious Freedom'!$B$2:$K$200,10,FALSE),"")
A129: Malawi | B129: MWI | C129: =IF(COUNT(VLOOKUP($B129,Water!$B$2:$L$235,11,FALSE)&"")=1,(VLOOKUP($B129,Water!$B$2:$L$235,11,FALSE)),"") | D129: =IF(COUNT(VLOOKUP($B129,Food!$B$2:$K$236,10,FALSE)&"")=1,VLOOKUP($B129,Food!$B$2:$K$236,10,FALSE),"") | E129: =IF(COUNT(VLOOKUP($B129,Housing!$B$2:$L$236,11,FALSE)&"")=1,VLOOKUP($B129,Housing!$B$2:$L$236,11,FALSE),"") | F129: =IF(COUNT(VLOOKUP($B129,Employment!$B$2:$M$236,12,FALSE)&"")=1,VLOOKUP($B129,Employment!$B$2:$M$236,12,FALSE),"") | G129: =IF(COUNT(VLOOKUP($B129,Education!$B$2:$L$236,11,FALSE)&"")=1,VLOOKUP($B129,Education!$B$2:$L$236,11,FALSE),"") | H129: =IF(COUNT(VLOOKUP($B129,Gender!$B$2:$K$236,10,FALSE)&"")=1,VLOOKUP($B129,Gender!$B$2:$K$236,10,FALSE),"") | I129: =IF(COUNT(VLOOKUP($B129,'Religious Freedom'!$B$2:$K$200,10,FALSE)&"")=1,VLOOKUP($B129,'Religious Freedom'!$B$2:$K$200,10,FALSE),"")
A130: Malaysia | B130: MYS | C130: =IF(COUNT(VLOOKUP($B130,Water!$B$2:$L$235,11,FALSE)&"")=1,(VLOOKUP($B130,Water!$B$2:$L$235,11,FALSE)),"") | D130: =IF(COUNT(VLOOKUP($B130,Food!$B$2:$K$236,10,FALSE)&"")=1,VLOOKUP($B130,Food!$B$2:$K$236,10,FALSE),"") | E130: =IF(COUNT(VLOOKUP($B130,Housing!$B$2:$L$236,11,FALSE)&"")=1,VLOOKUP($B130,Housing!$B$2:$L$236,11,FALSE),"") | F130: =IF(COUNT(VLOOKUP($B130,Employment!$B$2:$M$236,12,FALSE)&"")=1,VLOOKUP($B130,Employment!$B$2:$M$236,12,FALSE),"") | G130: =IF(COUNT(VLOOKUP($B130,Education!$B$2:$L$236,11,FALSE)&"")=1,VLOOKUP($B130,Education!$B$2:$L$236,11,FALSE),"") | H130: =IF(COUNT(VLOOKUP($B130,Gender!$B$2:$K$236,10,FALSE)&"")=1,VLOOKUP($B130,Gender!$B$2:$K$236,10,FALSE),"") | I130: =IF(COUNT(VLOOKUP($B130,'Religious Freedom'!$B$2:$K$200,10,FALSE)&"")=1,VLOOKUP($B130,'Religious Freedom'!$B$2:$K$200,10,FALSE),"")
... A238: Zimbabwe | B238: ZWE | C238: =IF(COUNT(VLOOKUP($B238,Water!$B$2:$L$235,11,FALSE)&"")=1,(VLOOKUP($B238,Water!$B$2:$L$235,11,FALSE)),"") | D238: =IF(COUNT(VLOOKUP($B238,Food!$B$2:$K$236,10,FALSE)&"")=1,VLOOKUP($B238,Food!$B$2:$K$236,10,FALSE),"") | E238: =IF(COUNT(VLOOKUP($B238,Housing!$B$2:$L$236,11,FALSE)&"")=1,VLOOKUP($B238,Housing!$B$2:$L$236,11,FALSE),"") | F238: =IF(COUNT(VLOOKUP($B238,Employment!$B$2:$M$236,12,FALSE)&"")=1,VLOOKUP($B238,Employment!$B$2:$M$236,12,FALSE),"") | G238: =IF(COUNT(VLOOKUP($B238,Education!$B$2:$L$236,11,FALSE)&"")=1,VLOOKUP($B238,Education!$B$2:$L$236,11,FALSE),"") | H238: =IF(COUNT(VLOOKUP($B238,Gender!$B$2:$K$236,10,FALSE)&"")=1,VLOOKUP($B238,Gender!$B$2:$K$236,10,FALSE),"") | I238: =IF(COUNT(VLOOKUP($B238,'Religious Freedom'!$B$2:$K$200,10,FALSE)&"")=1,VLOOKUP($B238,'Religious Freedom'!$B$2:$K$200,10,FALSE),"")
A240: Count | C240: =COUNT(C4:C238) -> 0 | D240: =COUNT(D4:D238) -> 0 | E240: =COUNT(E4:E238) -> 0 | F240: =COUNT(F4:F238) -> 0 | G240: =COUNT(G4:G238) -> 0 | H240: =COUNT(H4:H238) -> 0 | I240: =COUNT(I4:I238) -> 0

Sheet Sheet2
B1: Water | C1: Food | D1: Housing | E1: Employment | F1: Education | G1: Gender | H1: Religious Freedom
A2: Water | B2: 1
A3: Food | B3: -0.7431426 | C3: 1
A4: Housing | B4: -0.81835789 | C4: 0.60142189 | D4: 1
A5: Employment | B5: -0.66642213 | C5: 0.71197239 | D5: 0.63746705 | E5: 1
A6: Education | B6: 0.73087235 | C6: -0.55669154 | D6: -0.76354711 | E6: -0.5507405 | F6: 1
A7: Gender | B7: -0.20991438 | C7: 0.05687892 | D7: -0.089267152 | E7: 0.14766496 | F7: 0.13435457 | G7: 1
A8: Religious Freedom | B8: 0.096886663 | C8: -0.12811571 | D8: -0.055359368 | E8: -0.095067794 | F8: 0.053433903 | G8: -0.35087053 | H8: 1

Sheet Sheet1
C1: Positive | D1: Negative | E1: Negative | F1: Negative | G1: Positive | H1: Positive | I1: Negative
C2: 2022 | D2: 2021 | E2: 2022 | F2: 2023 | G2: 2022 | H2: 2022 | I2: 2021
A3: Country Name | B3: ISO | C3: Water | D3: Food | E3: Housing | F3: Employment | G3: Education | H3: Gender | I3: Religious Freedom
A4: Afghanistan | B4: AFG | C4: 82.175371 | D4: 30.1 | E4: 54.479075 | F4: 0.91120363 | G4: 37.266041 | H4: 0.95 | I4: 8.2
A5: Albania | B5: ALB | C5: 95.094564 | D5: 4.1 | E5: 0.13925181 | F5: 0.1174437 | G5: 98.5 | H5: 0.96 | I5: 1.9
A6: Algeria | B6: DZA | C6: 94.661398 | D6: 2.5 | E6: 0.44245003 | F6: 0.12678003 | G6: 81.407837 | H6: 0.96 | I6: 8.1
A7: American Samoa | B7: ASM
A8: Andorra | B8: AND | C8: 99 | I8: 2.5
A9: Angola | B9: AGO | C9: 57.719561 | D9: 21.6 | E9: 44.128182 | F9: 0.59890395 | G9: 72.400002 | H9: 0.98 | I9: 3.1
A10: Anguilla | B10: AIA
A11: Antigua and Barbuda | B11: ATG | C11: 98.364936 | I11: 0.8
A12: Argentina | B12: ARG | D12: 3.2 | E12: 44.128182 | F12: 0.072126191 | H12: 0.98 | I12: 2.7
A13: Armenia | B13: ARM | C13: 99 | D13: 2.5 | E13: 0.023653369 | F13: 0.10509888 | G13: 99.788612 | H13: 0.95 | I13: 3.7
A14: Aruba | B14: ABW | G14: 97.989998
A15: Australia | B15: AUS | C15: 99 | D15: 2.5 | H15: 0.97 | I15: 1.6
A16: Austria | B16: AUT | C16: 99 | D16: 2.5 | H16: 0.97 | I16: 4.6
A17: Azerbaijan | B17: AZE | C17: 97.642187 | D17: 2.5 | F17: 0.05819199 | G17: 99.795982 | H17: 0.94 | I17: 6.7
A18: Bahamas | B18: BHS | F18: 0.093126551 | I18: 3.4
A19: Bahrain | B19: BHR | C19: 99 | F19: 0.013826776 | G19: 97.872482 | H19: 0.96 | I19: 6.5
A20: Bangladesh | B20: BGD | C20: 98.097063 | D20: 11.2 | E20: 23.329691 | F20: 0.36919423 | G20: 76.362877 | H20: 0.96 | I20: 5.1
A21: Barbados | B21: BRB | C21: 98.51445 | D21: 2.5 | E21: 0.2709889 | F21: 0.14145258 | H21: 0.97 | I21: 0.7
A22: Belarus | B22: BLR | C22: 99 | D22: 2.5 | F22: 0.037052505 | G22: 99.874001 | H22: 0.98 | I22: 6.2
A23: Belgium | B23: BEL | C23: 99 | D23: 2.5 | H23: 0.97 | I23: 3.6
A24: Belize | B24: BLZ | C24: 98.405234 | D24: 4.9 | E24: 2.8491478 | F24: 0.3282807 | H24: 0.98 | I24: 1.4
A25: Benin | B25: BEN | C25: 67.36027 | D25: 9.9 | E25: 42.913766 | F25: 0.42626804 | G25: 47.099998 | H25: 0.97 | I25: 1.3
A26: Bermuda | B26: BMU | C26: 99
A27: Bhutan | B27: BTN | C27: 99 | F27: 0.08899329 | G27: 72.099998 | H27: 0.96 | I27: 4.4
A28: Bolivia (Plurinational State of) | B28: BOL | C28: 94.11337 | D28: 19.4 | E28: 7.5000166 | F28: 0.081610249 | G28: 93.852562 | H28: 0.96 | I28: 0.9
A29: Bonaire, Sint Eustatius and Saba | B29: BES | C29: 99
A30: Bosnia and Herzegovina | B30: BIH | C30: 96.093474 | D30: 2.5 | E30: 0.04973027 | F30: 0.10700598 | G30: 98.300003 | H30: 0.98 | I30: 3.3
A31: Botswana | B31: BWA | C31: 92.567562 | D31: 22.9 | E31: 9.0563616 | F31: 0.43653807 | G31: 86.823181 | H31: 0.98 | I31: 1.6
A32: Brazil | B32: BRA | C32: 99 | D32: 4.7 | E32: 0.56737738 | F32: 0.12952284 | G32: 94.690002 | H32: 0.98 | I32: 2.5
A33: British Virgin Islands | B33: VGB | C33: 99
A34: Brunei Darussalam | B34: BRN | C34: 99 | G34: 97.589996 | H34: 0.97 | I34: 6.5
A35: Bulgaria | B35: BGR | C35: 99 | D35: 2.5 | G35: 98.419998 | H35: 0.98 | I35: 4.7
A36: Burkina Faso | B36: BFA | C36: 49.505874 | D36: 16.2 | F36: 0.59352314 | G36: 34.490002 | H36: 0.98 | I36: 3
A37: Burundi | B37: BDI | C37: 62.440975 | E37: 70.60278 | F37: 0.89029561 | G37: 75.540001 | H37: 0.98 | I37: 3.3
A38: Cabo Verde | B38: CPV | C38: 89.870725 | D38: 18.2 | F38: 0.18140341 | G38: 91 | H38: 0.97 | I38: 0.8
A39: Cambodia | B39: KHM | C39: 78.006504 | D39: 4.8 | E39: 4.5952475 | F39: 0.54177063 | G39: 83.779999 | H39: 0.98 | I39: 3.4
A40: Cameroon | B40: CMR | C40: 69.592553 | D40: 6.4 | E40: 36.977012 | F40: 0.42048961 | G40: 78.230003 | H40: 0.98 | I40: 2.6
A41: Canada | B41: CAN | C41: 99 | D41: 2.5 | H41: 0.97 | I41: 2.1
A42: Cayman Islands | B42: CYM | C42: 95.497853 | G42: 98.867821
A43: Central African Republic | B43: CAF | C43: 36.295044 | D43: 48.7 | E43: 75.452305 | F43: 0.87850183 | G43: 37.490002 | I43: 3.5
A44: Chad | B44: TCD | C44: 51.995153 | D44: 31.4 | E44: 80.360142 | F44: 0.67386908 | G44: 27.280001 | H44: 0.97 | I44: 4.6
A45: Chile | B45: CHL | C45: 99 | D45: 2.5 | F45: 0.095353263 | G45: 97.160004 | H45: 0.97 | I45: 1.5
A46: China | B46: CHN | C46: 97.64693 | D46: 2.5 | F46: 0.040523604 | G46: 96.739517 | H46: 0.94 | I46: 9.1
A47: China, Hong Kong SAR | B47: HKG | C47: 99 | D47: 2.5 | I47: 3.8
A48: China, Macao SAR | B48: MAC | C48: 99 | D48: 8 | F48: 0.064874988 | G48: 97.110001 | I48: 0.4
A49: China, Taiwan | B49: TWN | D49: 3 | F49: 0.03914011 | I49: 1
A50: Colombia | B50: COL | C50: 97.53776 | D50: 6.6 | E50: 3.9676491 | F50: 0.17650221 | G50: 95.63633 | H50: 0.98 | I50: 2.1
A51: Comoros | B51: COM | D51: 13.5 | E51: 23.734123 | F51: 0.35868026 | G51: 61.709999 | H51: 0.97 | I51: 4.5
A52: Congo | B52: COG | D52: 33.3 | E52: 19.288223 | F52: 0.78819383 | G52: 80.610001 | I52: 1.5
A53: Cook Islands | B53: COK | C53: 99
A54: Costa Rica | B54: CRI | C54: 99 | D54: 3 | E54: 0.23872918 | F54: 0.094938609 | G54: 98.040001 | H54: 0.97 | I54: 2.7
A55: Côte d'Ivoire | B55: CIV | C55: 72.850926 | D55: 7.7 | E55: 24.134787 | F55: 0.34428574 | G55: 89.893417 | H55: 0.96 | I55: 1.2
A56: Croatia | B56: HRV | D56: 2.5 | G56: 99.449997 | I56: 3.4
A57: Cuba | B57: CUB | C57: 94.652704 | D57: 2.5 | E57: 0.6621968 | G57: 99.673111 | I57: 5.3
A58: Curaçao | B58: CUW
A59: Cyprus | B59: CYP | C59: 99 | D59: 2.5 | G59: 99.360001 | H59: 0.98 | I59: 4.1
A60: Czechia | B60: CZE | C60: 99 | D60: 2.5 | H60: 0.98 | I60: 2.3
A61: Democratic People's Republic of Korea | B61: PRK | C61: 93.887502 | D61: 45.5 | G61: 99.998192
A62: Democratic Republic of the Congo | B62: COD | C62: 35.116567 | D62: 35.3 | E62: 59.239377 | F62: 0.81660231 | G62: 80.540001 | H62: 0.98 | I62: 1.2
A63: Denmark | B63: DNK | C63: 99 | D63: 2.5 | H63: 0.96 | I63: 4.4
A64: Djibouti | B64: DJI | C64: 76.167117 | D64: 16.8 | I64: 3.7
A65: Dominica | B65: DMA | D65: 6.7 | I65: 2.4
A66: Dominican Republic | B66: DOM | C66: 96.754524 | D66: 6.3 | E66: 0.23872918 | F66: 0.07976715 | G66: 95.5 | H66: 0.98 | I66: 1.6
A67: Ecuador | B67: ECU | C67: 95.703343 | D67: 13.9 | E67: 0.6621968 | F67: 0.11772131 | G67: 93.94812 | H67: 0.97 | I67: 1.6
A68: Egypt | B68: EGY | C68: 98.768858 | D68: 7.2 | E68: 0.73699228 | F68: 0.19074703 | G68: 74.5 | H68: 0.97 | I68: 7.6
A69: El Salvador | B69: SLV | C69: 98.59316 | D69: 7.7 | E69: 6.0752234 | F69: 0.082762794 | G69: 89.984528 | H69: 0.98 | I69: 2.7
A70: Equatorial Guinea | B70: GNQ | F70: 0.63895001 | I70: 3.6
A71: Eritrea | B71: ERI | F71: 0.62216921 | G71: 76.570518 | I71: 6.5
A72: Estonia | B72: EST | C72: 99 | D72: 2.5 | G72: 99.870003 | H72: 0.98 | I72: 1.3
A73: Eswatini | B73: SWZ | C73: 73.467202 | D73: 11.6 | E73: 8.770344 | F73: 0.72895364 | G73: 89.279999 | H73: 0.98 | I73: 2.6
A74: Ethiopia | B74: ETH | C74: 51.51296 | D74: 21.9 | E74: 67.533078 | F74: 0.48910551 | G74: 51.771179 | H74: 0.97 | I74: 3.9
A75: Falkland Islands (Malvinas) | B75: FLK
A76: Faroe Islands | B76: FRO | C76: 99
A77: Fiji | B77: FJI | C77: 95.488633 | D77: 6.6 | E77: 0.90093495 | F77: 0.14606097 | H77: 0.97 | I77: 2.3
A78: Finland | B78: FIN | C78: 99 | D78: 2.5 | H78: 0.97 | I78: 3.5
A79: France | B79: FRA | C79: 99 | D79: 2.5 | H79: 0.97 | I79: 5.4
A80: French Guiana | B80: GUF | C80: 94.358838
A81: French Polynesia | B81: PYF | C81: 99 | D81: 5.1
A82: Gabon | B82: GAB | C82: 86.927766 | D82: 23 | E82: 9.2434415 | F82: 0.23356318 | G82: 85.690002 | I82: 0.8
A83: Gambia | B83: GMB | C83: 85.646613 | D83: 19.6 | E83: 9.2434415 | F83: 0.45147719 | G83: 58.669998 | H83: 0.97 | I83: 0.9
A84: Georgia | B84: GEO | C84: 94.977535 | D84: 2.9 | E84: 0.15905317 | F84: 0.20677077 | G84: 99.574989 | H84: 0.98 | I84: 3.8
A85: Germany | B85: DEU | C85: 99 | D85: 2.5 | H85: 0.97 | I85: 2.8
A86: Ghana | B86: GHA | C86: 88.36761 | D86: 4.9 | E86: 13.624397 | F86: 0.38911605 | G86: 80.379997 | H86: 0.98 | I86: 1.1
A87: Gibraltar | B87: GIB | C87: 99
A88: Greece | B88: GRC | C88: 99 | D88: 2.5 | H88: 0.97 | I88: 4.2
A89: Greenland | B89: GRL | C89: 99
A90: Grenada | B90: GRD | I90: 1.7
A91: Guadeloupe | B91: GLP | C91: 99
A92: Guam | B92: GUM | C92: 99
A93: Guatemala | B93: GTM | C93: 94.616109 | D93: 13.3 | E93: 22.739497 | F93: 0.11358309 | G93: 84.269997 | H93: 0.98 | I93: 2.7
A94: Guinea | B94: GIN | C94: 71.451212 | D94: 12.9 | E94: 39.208231 | F94: 0.44519148 | G94: 45.330002 | H94: 0.97 | I94: 3.1
A95: Guinea-Bissau | B95: GNB | C95: 61.776133 | D95: 37.9 | E95: 63.509134 | F95: 0.51871308 | G95: 53.900002 | I95: 0.8
A96: Guyana | B96: GUY | C96: 95.859737 | D96: 2.5 | E96: 1.3760744 | F96: 0.1328843 | G96: 90.029999 | H96: 0.98 | I96: 3.1
A97: Haiti | B97: HTI | C97: 67.418885 | D97: 45 | E97: 29.698482 | F97: 0.58960057 | G97: 61.691349 | I97: 2.8
A98: Holy See | B98: VAT
A99: Honduras | B99: HND | C99: 95.804095 | D99: 18.7 | E99: 22.739497 | F99: 0.24130767 | G99: 88.507431 | H99: 0.96 | I99: 1.7
A100: Hungary | B100: HUN | C100: 99 | D100: 2.5 | G100: 99.099998 | H100: 0.98 | I100: 2.3
...
